Word,Level,길잡이말,품사,Word_Number
가게,초급,에 가다,명사,
가격,초급,이 비싸다,명사,03
가구,초급,책상,명사,04
가깝다,초급,거리가,형용사,
가끔,초급,가끔 보다,부사,
가늘다,초급,손가락이,형용사,
가다,초급,학교에,동사,01
가득,초급,가득 담다,부사,01
가르치다,초급,한국어를,동사,01
가리키다,초급,손가락으로,동사,01
가방,초급,을 메다,명사,01
가볍다,초급,짐이,형용사,
가수,초급,직업,명사,11
가슴,초급,신체,명사,01
가요,초급,를 부르다,명사,02
가운데,초급,가운데 자리,명사,
가위,초급,로 자르다,명사,01
가을,초급,계절,명사,01
가장,초급,가장 빠르다,부사,01
가져가다,초급,집에,동사,
가져오다,초급,학교로,동사,
가족,초급,식구,명사,01
가지,초급,몇,의존명사,04
가지다,초급,돈을,동사,
각각,초급,각각 다르다,부사/명사,01
간단하다,초급,간단한 설명,형용사,02
간단히,초급,간단히 끝내다,부사,
간식,초급,을 먹다,명사,02
간장,초급,을 넣다,명사,01
간호사,초급,로 일하다,명사,
갈비,초급,를 먹다,명사,01
갈비탕,초급,을 먹다,명사,
갈색,초급,색깔,명사,
갈아입다,초급,옷을,동사,
갈아타다,초급,기차를,동사,
감,초급,과일,명사,01
감기,초급,에 걸리다,명사,04
감기약,초급,을 먹다,명사,
감다,초급,눈을,동사,01
감다,초급,머리를,동사,02
감사,초급,감사 인사,명사,08
감자,초급,채소,명사,01
갑자기,초급,갑자기 나타나다,부사,
값,초급,을 깎다,명사,
강,초급,을 건너다,명사,01
강아지,초급,를 키우다,명사,
강하다,초급,힘이,형용사,02
갖다,초급,돈을,동사,01
같다,초급,서로 같다,형용사,
같이,초급,같이 살다,부사,
갚다,초급,돈을,동사,
개,초급,동물,명사,03
개,초급,한 개,의존명사,10
개월,초급,삼 개월,의존명사,
거,초급,것,의존명사,01
거기,초급,거기에 있다,대명사,01
거리,초급,로 나가다,명사,01
거리,초급,가 가깝다,명사,08
거실,초급,집,명사,02
거울,초급,을 보다,명사,01
거의,초급,거의 없다,부사/명사,01
거절,초급,을 하다,명사,01
거짓말,초급,을 하다,명사,
걱정,초급,이 되다,명사,
건강,초급,이 나빠지다,명사,03
건너가다,초급,길을,동사,
건너다,초급,길을,동사,
건너편,초급,으로 가다,명사,
건물,초급,을 짓다,명사,03
걷다,초급,길을,동사,02
걸다,초급,그림을,동사,02
걸리다,초급,그림이,동사,01
걸어가다,초급,학교에,동사,
걸어오다,초급,집에,동사,01
걸음,초급,이 느리다,명사,
검사,초급,숙제 검사,명사,03
검은색,초급,색깔,명사,
검정,초급,색깔,명사,01
것,초급,먹을 것,의존명사,01
겉,초급,안과 겉,명사,01
게으르다,초급,사람이,형용사,
게임,초급,컴퓨터 게임,명사,
겨울,초급,계절,명사,
결과,초급,가 나오다,명사,02
결석,초급,을 하다,명사,01
결심,초급,을 하다,명사,01
결정,초급,을 내리다,명사,01
결혼,초급,을 하다,명사,
결혼식,초급,을 올리다,명사,
경기,초급,를 보다,명사,11
경찰,초급,경찰 조사(기관),명사,04
경찰서,초급,에 신고하다,명사,
경치,초급,가 좋다,명사,02
경험,초급,을 쌓다,명사,
계단,초급,을 오르다,명사,04
계란,초급,을 먹다,명사,
계산,초급,이 정확하다,명사,01
계속,초급,계속 달리다,부사/명사,04
계시다,초급,한국에,동사,
계절,초급,이 바뀌다,명사,01
계획,초급,을 세우다,명사,01
고개,초급,를 들다,명사,01
고기,초급,를 먹다,명사,01
고등학교,초급,에 입학하다,명사,
고등학생,초급,이 되다,명사,
고르다,초급,선물을,동사,01
고맙다,초급,마음이,형용사,01
고모,초급,친척,명사,01
고민,초급,을 나누다,명사,
고속버스,초급,를 타다,명사,
고양이,초급,를 기르다,명사,
고장,초급,이 나다,명사,11
고추장,초급,을 넣다,명사,
고치다,초급,컴퓨터를,동사,01
고프다,초급,배가,형용사,
고향,초급,에 가다,명사,02
곧,초급,곧 가다,부사,01
곳,초급,어느 곳,명사,01
공,초급,을 굴리다,명사,01
공무원,초급,으로 일하다,명사,
공부,초급,를 하다,명사,01
공원,초급,에서 놀다,명사,03
공장,초급,에서 일하다,명사,02
공짜,초급,로 주다,명사,
공책,초급,에 쓰다,명사,01
공항,초급,공항 터미널,명사,02
공휴일,초급,로 정하다,명사,
과거,초급,를 잊다,명사,03
과일,초급,을 깎다,명사,01
과자,초급,를 먹다,명사,02
관계,초급,를 맺다,명사,05
관광,초급,국내 관광,명사,02
관광객,초급,외국인 관광객,명사,
관광지,초급,국내 관광지,명사,
관심,초급,을 가지다,명사,01
광고,초급,신문 광고,명사,02
광주,초급,지명,명사,01
괜찮다,초급,성격이,형용사,
괴로워하다,초급,통증으로,동사,
교과서,초급,에서 배우다,명사,
교사,초급,수학 교사,명사,09
교수,초급,대학 교수,명사,06
교실,초급,에 들어가다,명사,
교육,초급,을 받다,명사,
교통,초급,교통 수단,명사,01
교통비,초급,가 들다,명사,
교통사고,초급,가 나다,명사,
교환,초급,을 하다,명사,01
교회,초급,기독교,명사,02
구,초급,숫자,수사/관형사,01
구경,초급,을 다니다,명사,01
구두,초급,를 신다,명사,01
구름,초급,이 끼다,명사,01
구십,초급,구십 살,수사/관형사,
구월,초급,달(월),명사,02
국,초급,을 끓이다,명사,01
국내,초급,국내 여행,명사,02
국수,초급,를 먹다,명사,01
국적,초급,대한민국 국적,명사,02
국제,초급,국제 관계,명사,02
군인,초급,직업 군인,명사,
굳다,초급,땅이,동사/형용사,
굵다,초급,손가락이,형용사,
굽다,초급,고기를,동사,01
궁금하다,초급,소식이,형용사,01
권,초급,책 한 권,의존명사,01
귀,초급,로 듣다,명사,01
귀걸이,초급,를  달다,명사,
귀여워하다,초급,강아지를,동사,
귀엽다,초급,얼굴이,형용사,
귀찮다,초급,일이,형용사,
규칙,초급,을 어기다,명사,02
귤,초급,을 까다,명사,
그,초급,그 사람,관형사/대명사,01
그거,초급,그것,대명사,
그것,초급,−,대명사,
그곳,초급,에 가다,대명사,
그날,초급,그날 일,명사,
그냥,초급,그냥 가다,부사,
그대로,초급,그대로 두다,부사,
그동안,초급,그동안 잘 지내다,명사,
그때,초급,그때 그시절,명사,
그래,초급,대답,감탄사,01
그래서,초급,−,부사,
그러나,초급,−,부사,
그러니까,초급,−,부사,
그러면,초급,−,부사,
그러므로,초급,−,부사,
그런,초급,그런 사람,관형사,01
그런데,초급,−,부사,
그럼,초급,그러면,부사,01
그럼,초급,"그럼, 당연하지",감탄사,02
그렇다,초급,사정이,형용사,
그렇지만,초급,−,부사,
그릇,초급,에 담다,명사,01
그리고,초급,−,부사,
그리다,초급,그림을,동사,02
그림,초급,을 그리다,명사,01
그립다,초급,가족이,형용사,
그만,초급,그만 먹다,부사,02
그만두다,초급,학교를,동사,
그분,초급,을 만나다,대명사,
그저께,초급,그저께 밤,부사/명사,
그쪽,초급,으로 가다,대명사,
그치다,초급,비가,동사,
극장,초급,에서 상영하다,명사,
근처,초급,집 근처,명사,
글,초급,을 쓰다,명사,
글쎄,초급,"글쎄, 잘 몰라요",감탄사,01
글쎄요,초급,글쎄요. 몰라요.,감탄사,
글씨,초급,를 쓰다,명사,
글자,초급,를 쓰다,명사,
금방,초급,방금,부사,01
금요일,초급,요일,명사,
금지,초급,통행 금지,명사,04
급하다,초급,사정이,형용사,
기간,초급,이 지나다,명사,07
기다리다,초급,버스를,동사,
기르다,초급,개를,동사,
기름,초급,에 튀기다,명사,01
기말시험,초급,을 보다,명사,
기분,초급,이 좋다,명사,01
기뻐하다,초급,졸업을,동사,
기쁘다,초급,마음이,형용사,
기쁨,초급,을 나누다,명사,
기숙사,초급,에서 살다,명사,
기억,초급,이 나다,명사,02
기억나다,초급,이름이,동사,
기온,초급,이 높다,명사,
기자,초급,신문 기자,명사,05
기차,초급,를 타다,명사,01
기차역,초급,에 도착하다,명사,
기차표,초급,를 끊다,명사,
기침,초급,이 나다,명사,01
기타,초급,를 치다,명사,02
기회,초급,를 놓치다,명사,03
긴장,초급,을 풀다,명사,
길,초급,이 막히다,명사,01
길다,초급,다리가,형용사,02
길이,초급,를 재다,명사,01
김,초급,을 먹다,명사,03
김밥,초급,을 싸다,명사,
김치,초급,를 담그다,명사,01
김치찌개,초급,를 끓이다,명사,
깊다,초급,바다가,형용사,
깊이,초급,깊이 묻다,부사,02
까만색,초급,색깔,명사,
까맣다,초급,밤하늘이,형용사,
깎다,초급,사과를,동사,
깜짝,초급,깜짝 놀라다,부사,02
깨끗이,초급,깨끗이 씻다,부사,
깨끗하다,초급,옷이 ,형용사,
깨다,초급,잠이,동사,01
꺼내다,초급,가방에서,동사,
껌,초급,을 씹다,명사,
꼭,초급,꼭 필요하다,부사,03
꽃,초급,이 피다,명사,01
꽃다발,초급,을 선물하다,명사,
꽃병,초급,을 깨뜨리다,명사,
꽃집,초급,을 열다,명사,
꾸다,초급,꿈을,동사,01
꿈,초급,을 꾸다,명사,01
끄다,초급,불을,동사,01
끊다,초급,담배를,동사,
끓다,초급,물이,동사,
끓이다,초급,물을,동사,01
끝,초급,시작,명사,01
끝나다,초급,수업이,동사,
끝내다,초급,일을,동사,
끼다,초급,반지를,동사,01
나,초급,나와 너,대명사/명사,03
나가다,초급,밖으로,동사,
나누다,초급,둘로,동사,
나다,초급,수염이,동사,01
나라,초급,우리 나라,명사,01
나머지,초급,나머지 돈,명사,
나무,초급,를 심다,명사,01
나쁘다,초급,공기가,형용사,01
나오다,초급,밖에,동사,
나이,초급,가 많다,명사,01
나중,초급,에 깨닫다,명사,01
나타나다,초급,건물이,동사,
나흘,초급,이 걸리다,명사,
낚시,초급,를 가다,명사,
날,초급,마지막 날,명사/의존명사,01
날다,초급,새가,동사,01
날씨,초급,가 좋다,명사,01
날씬하다,초급,몸매가,형용사,
날아다니다,초급,나비가,동사,
날짜,초급,를 정하다,명사,01
남,초급,타인,명사,01
남기다,초급,음식을,동사,
남녀,초급,남녀 평등,명사,
남다,초급,시간이,동사,01
남대문,초급,고적,명사,
남동생,초급,을 돌보다,명사,
남산,초급,지명,명사,02
남성,초급,여성,명사,01
남자,초급,여자,명사,02
남쪽,초급,북쪽,명사,
남편,초급,아내,명사,01
남학생,초급,여학생,명사,
낫다,초급,병이,동사,01
낫다,초급,더 낫다,형용사,02
낮,초급,밤,명사,
낮다,초급,산이,형용사,
낮잠,초급,을 자다,명사,
내,초급,내가,대명사,04
내과,초급,병원,명사,01
내년,초급,내년 여름,명사,
내다,초급,문제를,동사,02
내려가다,초급,아래로,동사,
내려오다,초급,아래로,동사,
내리다,초급,비가,동사,01
내용,초급,수업 내용,명사,02
내일,초급,로 미루다,명사/부사,
냄비,초급,에 끓이다,명사,
냄새,초급,를 맡다,명사,
냉면,초급,을 먹다,명사,
냉장고,초급,에 넣다,명사,
너,초급,나,대명사,01
너무,초급,너무 심하다,부사,01
너희,초급,너희 가족,대명사,
넓다,초급,집이,형용사,
넘다,초급,세 시간이,동사,01
넘어지다,초급,자전거가,동사,
넣다,초급,책을,동사,
네,초급,네가,대명사,01
네,초급,숫자(4),관형사,02
네,초급,대답,감탄사,03
넥타이,초급,를 매다,명사,
넷,초급,숫자,수사,01
넷째,초급,넷째 시간,수사·관형사/명사,
년,초급,2015년,의존명사,02
노란색,초급,색깔,명사,
노랗다,초급,병아리가,형용사,
노래,초급,를 부르다,명사,01
노래방,초급,에 가다,명사,
노력,초급,을 하다,명사,01
노인,초급,을 공경하다,명사,01
노트,초급,에 쓰다,명사,02
녹색,초급,색깔,명사,
녹차,초급,를 마시다,명사,01
놀다,초급,친구와 놀다,동사,01
놀라다,초급,깜짝 놀라다,동사,
놀이,초급,인형 놀이,명사,01
농구,초급,농구 경기,명사,06
농담,초급,을 주고받다,명사,01
높다,초급,산이,형용사,
높이,초급,가 높다,명사,01
높이,초급,높이 날다,부사,02
놓다,초급,펜을,동사,01
누구,초급,거기 누구 계세요?,대명사,
누나,초급,사촌 누나,명사,01
누르다,초급,버튼을,동사,01
눈,초급,이 작다,명사,01
눈,초급,날씨,명사,04
눈물,초급,이 흐르다,명사,01
눕다,초급,바닥에,동사,01
뉴스,초급,를 보다,명사,
느끼다,초급,추위를,동사,02
느낌,초급,이 좋다,명사,
느리다,초급,걸음이,형용사,01
늘,초급,늘 만나다,부사,
늘다,초급,면적이,동사,01
늙다,초급,사람이,동사,
능력,초급,이 있다,명사,02
늦다,초급,시계가,형용사/동사,
다,초급,모두,부사/명사,03
다녀오다,초급,학교에,동사,
다니다,초급,회사에,동사,
다르다,초급,모양이,형용사,01
다른,초급,다른 나라,관형사,
다리,초급,가 길다,명사,01
다리,초급,를 건너다,명사,02
다림질,초급,을 하다,명사,
다섯,초급,다섯 개,수사·관형사,
다섯째,초급,다섯째 사람,수사·관형사/명사,
다시,초급,다시 시작하다,부사,01
다양,초급,다양한 방법,명사,
다음,초급,다음 날,명사,01
다음날,초급,에 만나다,명사,
다이어트,초급,에 성공하다,명사,
다치다,초급,팔을,동사,01
다하다,초급,기력이,동사,
닦다,초급,구두를,동사,01
단순,초급,단순 노동,명사,02
단어,초급,를 외우다,명사,
단추,초급,가 떨어지다,명사,01
단풍,초급,이 들다,명사,01
닫다,초급,문을,동사,02
달,초급,다음 달,명사/의존명사,05
달걀,초급,을 삶다,명사,
달다,초급,맛이,형용사,07
달력,초급,을 걸다,명사,
달리기,초급,가 빠르다,명사,
달리다,초급,빨리 달리다,동사,04
닭,초급,을 키우다,명사,
닭고기,초급,를 볶다,명사,
닮다,초급,아빠를,동사,
담배,초급,를 피우다,명사,
답,초급,이 없다,명사,03
답답하다,초급,가슴이,형용사,
답장,초급,을 보내다,명사,
대,초급,차 한 대,의존명사,16
대구,초급,에 살다,명사,03
대답,초급,을 기다리다,명사,
대부분,초급,대부분의 시간,명사/부사,
대사관,초급,미국 대사관,명사,
대전,초급,지명,명사,01
대학,초급,에 들어가다,명사,01
대학교,초급,에 입학하다,명사,
대학생,초급,이 되다,명사,
대학원,초급,을 다니다,명사,
대화,초급,를 나누다,명사,06
대회,초급,가 열리다,명사,02
댁,초급,선생님 댁,명사/대명사,01
더,초급,하나 더,부사,01
더럽다,초급,손이,형용사,
더욱,초급,더욱 좋다,부사,
덕분,초급,부모님 덕분,명사,
던지다,초급,공을,동사,
덥다,초급,날씨가,형용사,01
데려가다,초급,아이를,동사,
데려오다,초급,친구를,동사,
데이트,초급,를 신청하다,명사,
도,초급,영상 일 도,의존명사,05
도로,초급,를 건너다,명사,07
도서관,초급,에서 공부하다,명사,
도시,초급,를 건설하다,명사,03
도와주다,초급,일을,동사,
도움,초급,을 받다,명사,
도착,초급,도착 시간,명사,01
독서,초급,를 하다,명사,03
독일,초급,나라,명사,
돈,초급,을 벌다,명사,01
돈가스,초급,를 먹다,명사,
돌,초급,을 던지다,명사,02
돌다,초급,바퀴가,동사,
돌려주다,초급,책을,동사,
돌리다,초급,바퀴를,동사,04
돌아가다,초급,바퀴가,동사,
돌아오다,초급,학교에서,동사,
돕다,초급,아버지를,동사,
동네,초급,동네 사람,명사,
동대문,초급,고적,명사,
동물,초급,을 키우다,명사,
동물원,초급,에 가다,명사,
동생,초급,이 태어나다,명사,01
동시,초급,에 일어나다,명사,02
동안,초급,며칠 동안,명사,01
동전,초급,백 원짜리 동전,명사,05
동쪽,초급,방향,명사,
돼지,초급,를 기르다,명사,
돼지고기,초급,를 먹다,명사,
되다,초급,배우가,동사,01
-되다,초급,취소되다,접사,05
된장,초급,에 찍다,명사,
된장찌개,초급,를 먹다,명사,
두,초급,숫자,관형사,01
두껍다,초급,책이,형용사,
두다,초급,책상 위에,동사,01
두부,초급,를 먹다,명사,01
두세,초급,두세 개,관형사,
두통,초급,을 앓다,명사,
둘,초급,숫자,수사,01
둘째,초급,둘째 딸,수사·관형사/명사,
뒤,초급,에 있다,명사,01
뒤쪽,초급,방향,명사,01
드디어,초급,드디어 끝나다,부사,
드라마,초급,를 보다,명사,
드리다,초급,용돈을,동사,01
듣다,초급,음악을,동사,01
들다,초급,돈이,동사,01
들다,초급,가방을,동사,04
들르다,초급,서점에,동사,
들리다,초급,소리가,동사,03
들어가다,초급,방으로,동사,01
들어오다,초급,학교로,동사,
등,초급,신체,명사,01
등산,초급,을 가다,명사,
디자인,초급,이 예쁘다,명사,
따뜻하다,초급,방 안이,형용사,
따로,초급,따로 분리하다,부사,
딸,초급,아들,명사,01
딸기,초급,과일,명사,
땀,초급,이 나다,명사,01
땅,초급,에 떨어지다,명사,01
때,초급,어릴 때,명사,01
떠나다,초급,어디론가,동사,
떠들다,초급,시끄럽게,동사,01
떡,초급,음식,명사,01
떡국,초급,음식,명사,
떡볶이,초급,음식,명사,
떨어지다,초급,낭떠러지로 ,동사,
또,초급,또 생기다,부사,
또는,초급,남자 또는 여자,부사,
똑같다,초급,모양이,형용사,
똑같이,초급,똑같이 나누다,부사,
똑똑하다,초급,머리가,형용사,
똑바로,초급,똑바로 가다,부사,
뚱뚱하다,초급,몸매가,형용사,
뛰다,초급,운동장을,동사,02
뛰어가다,초급,학교로,동사,
뜨겁다,초급,국물이,형용사,
뜨다,초급,눈을,동사,05
뜻,초급,이 어렵다,명사,
라디오,초급,를 켜다,명사,
라면,초급,음식,명사,01
러시아,초급,나라,명사,
레스토랑,초급,에서 먹다,명사,
마당,초급,이 넓다,명사,
마르다,초급,물기가,동사,01
마리,초급,한 마리,의존명사,01
마시다,초급,물을,동사,
마을,초급,에 살다,명사,01
마음,초급,이 따뜻하다,명사,01
마중,초급,을 가다,명사,01
마지막,초급,마지막 경기,명사,
마치다,초급,일을,동사,02
마트,초급,에서 사다,명사,
마흔,초급,마흔 개,수사·관형사,
막걸리,초급,를 마시다,명사,
막히다,초급,통로가,동사,
만,초급,숫자,수사·관형사,06
만나다,초급,친구를,동사,
만두,초급,음식,명사,01
만들다,초급,음식을,동사,
만약,초급,만약의 경우,명사,
만일,초급,에 대비하다,명사,01
만지다,초급,손을,동사,
만화,초급,를 그리다,명사,10
많다,초급,돈이,형용사,
많이,초급,많이 사다,부사,
말,초급,을 하다,명사,01
말,초급,을 타다,명사,04
말,초급,학기 말,의존명사,11
말다,초급,걱정을,동사,03
말레이시아,초급,나라,명사,
말씀,초급,이 없다,명사,
맑다,초급,공기가,형용사,01
맛,초급,이 달다,명사,01
맛없다,초급,음식이,형용사,
맛있다,초급,음식이,형용사,
맞다,초급,답이,동사,01
맞추다,초급,답을,동사,01
매년,초급,매년 증가하다,명사/부사,
매다,초급,신발 끈을,동사,01
매달,초급,매달 만나다,명사/부사,
매우,초급,매우 좋다,부사,01
매일,초급,매일 만나다,명사/부사,
매주,초급,매주 만나다,명사/부사,01
매표소,초급,극장 매표소,명사,
맥주,초급,를 마시다,명사,
맵다,초급,고추가,형용사,
머리,초급,가 크다,명사,01
머리카락,초급,을 자르다,명사,
먹다,초급,밥을,동사,02
먼저,초급,먼저 가다,명사/부사,
멀다,초급,거리가,형용사,02
멀리,초급,멀리 가다,부사,01
멈추다,초급,피가,동사,
멋,초급,을 내다,명사,01
멋있다,초급,옷이 ,형용사,
메뉴,초급,를 고르다,명사,
메다,초급,가방을,동사,02
메모,초급,를 하다,명사,
메시지,초급,를 남기다,명사,
메일,초급,을 쓰다,명사,
며칠,초급,이 걸리다,명사,
명,초급,한 명,의존명사,03
명절,초급,을 맞다,명사,01
몇,초급,몇 개,수사/관형사,
모기,초급,에 물리다,명사,01
모두,초급,모두 함께,명사/부사,01
모든,초급,모든 사람,관형사,
모레,초급,시간,명사/부사,
모르다,초급,규칙을,동사,
모습,초급,을 보이다,명사,01
모시다,초급,부모님을,동사,
모양,초급,별 모양,명사,02
모으다,초급,장난감을,동사,
모이다,초급,돈이,동사,01
모임,초급,에 나가다,명사,01
모자,초급,를 쓰다,명사,08
모자라다,초급,잠이,동사,
목,초급,이 길다,명사,01
목걸이,초급,를 하다,명사,01
목도리,초급,를 하다,명사,
목소리,초급,가 크다,명사,
목요일,초급,요일,명사,
목욕,초급,을 하다,명사,
목욕탕,초급,에서 씻다,명사,
목적,초급,을 이루다,명사,03
몸,초급,이 건강하다,명사,01
못,초급,못 마시다,부사,04
못생기다,초급,얼굴이,형용사,
못하다,초급,노래를,동사/형용사,
몽골,초급,나라,명사,
무,초급,를 심다,명사,02
무겁다,초급,짐이,형용사,
무게,초급,가 나가다,명사,
무궁화,초급,꽃,명사,
무료,초급,로 주다,명사,01
무릎,초급,신체,명사,
무섭다,초급,귀신이,형용사,
무슨,초급,무슨 요일,관형사,
무엇,초급,−,대명사,
무척,초급,무척 길다,부사,01
문,초급,을 열다,명사,04
문제,초급,를 풀다,명사,06
문화,초급,를 교류하다,명사,01
묻다,초급,길을,동사,03
물,초급,을 마시다,명사,01
물건,초급,을 사다,명사,
물고기,초급,를 잡다,명사,
물론,초급,물론 그렇다,명사/부사,01
물어보다,초급,길을,동사,
뭐,초급,뭐라고 말하다,대명사/감탄사,
미국,초급,나라,명사,04
미끄러지다,초급,눈길에,동사,
미래,초급,가 밝다,명사,02
미리,초급,미리 알리다,부사,01
미술관,초급,국립 미술관,명사,
미안,초급,인사,명사,01
미역국,초급,을 끓이다,명사,
미용실,초급,에 가다,명사,
미터,초급,백 미터,의존명사,02
믿다,초급,약속을,동사,
밀가루,초급,밀가루 음식,명사,
밀다,초급,문을,동사,01
밑,초급,에 두다,명사,01
바깥,초급,에 나가다,명사,
바깥쪽,초급,으로 나가다,명사,
바꾸다,초급,달러를 원화로,동사,
바뀌다,초급,새 것으로,동사,
바나나,초급,과일,명사,
바다,초급,를 건너다,명사,
바닥,초급,에 떨어지다,명사,01
바닷가,초급,로 나가다,명사,
바라다,초급,성공을,동사,01
바라보다,초급,하늘을,동사,
바람,초급,이 불다,명사,01
바로,초급,바로 시작하다,부사,02
바르다,초급,로션을,동사,01
바쁘다,초급,일이,형용사,
바이올린,초급,을 켜다,명사,
바지,초급,를 입다,명사,01
박물관,초급,을 구경하다,명사,
박수,초급,를 치다,명사,02
밖,초급,안,명사,
반,초급,사과 반,명사,07
반,초급,우리 반,명사,10
반갑다,초급,손님이,형용사,
반대,초급,로 가다,명사,03
반드시,초급,반드시 가다,부사,
반바지,초급,를 입다,명사,
반지,초급,를 끼다,명사,02
반찬,초급,을 먹다,명사,
받다,초급,선물을,동사,01
받아쓰다,초급,노트에,동사,
발,초급,이 크다,명사,01
발가락,초급,신체,명사,
발바닥,초급,신체,명사,
밝다,초급,불빛이,동사/형용사,
밤,초급,이 깊다,명사,01
밥,초급,을 하다,명사,01
방,초급,이 넓다,명사,07
방금,초급,방금 가다,명사/부사,01
방문,초급,을 닫다,명사,02
방문,초급,고향 방문,명사,03
방법,초급,사용 방법,명사,
방송,초급,을 보다,명사,01
방송국,초급,라디오 방송국,명사,
방학,초급,겨울 방학,명사,
방향,초급,을 바꾸다,명사,01
배,초급,신체,명사,01
배,초급,를 타다,명사,02
배,초급,를 먹다,명사,03
배,초급,두 배,명사,09
배달,초급,을 시키다,명사,02
배드민턴,초급,을 치다,명사,
배우,초급,연극 배우,명사,01
배우다,초급,글을,동사,01
배추,초급,를 다듬다,명사,01
배탈,초급,이 나다,명사,01
백,초급,숫자,수사·관형사,05
백만,초급,백만 개,수사·관형사,
백화점,초급,에서 사다,명사,
뱀,초급,동물,명사,
버릇,초급,이 되다,명사,01
버리다,초급,휴지를,동사,01
버스,초급,를 타다,명사,02
번,초급,첫째 번,의존명사,04
번째,초급,세 번째,의존명사,
번호,초급,를 매기다,명사,02
벌,초급,옷 한 벌,의존명사,02
벌다,초급,돈을,동사,02
벌써,초급,벌써 가다,부사,
벗다,초급,모자를,동사,
베트남,초급,나라,명사,
벽,초급,에 걸다,명사,06
변하다,초급,모양이,동사,
변호사,초급,직업,명사,
별,초급,이 빛나다,명사,01
별로,초급,별로 없다,부사,01
병,초급,에 걸리다,명사,04
병,초급,을 깨다,명사,05
병문안,초급,을 가다,명사,
병원,초급,에 가다,명사,02
보내다,초급,편지를,동사,
보다,초급,신문을,동사,01
보다,초급,보다 높이,부사,02
보라색,초급,색깔,명사,
보이다,초급,산이,동사,01
보이다,초급,사진을,동사,02
보통,초급,이 넘다,명사/부사,
복습,초급,예습,명사,
복잡하다,초급,생각이,형용사,
볶다,초급,고기를,동사,
볶음밥,초급,음식,명사,
볼펜,초급,으로 쓰다,명사,02
봄,초급,계절,명사,01
봉투,초급,를 열다,명사,02
뵙다,초급,어른을,동사,
부끄럽다,초급,부끄럽게 웃다,형용사,
부드럽다,초급,머릿결이,형용사,
부럽다,초급,다른 사람이 ,형용사,
부르다,초급,친구를,동사,01
부르다,초급,배가,형용사,02
부모님,초급,께 효도하다,명사,
부부,초급,부부 싸움,명사,03
부분,초급,으로 나누다,명사,01
부산,초급,지명,명사,02
부엌,초급,에서 요리하다,명사,
부인,초급,아내,명사,01
부자,초급,가 되다,명사,07
부장,초급,으로 승진하다,명사,07
부족,초급,산소 부족,명사,01
부지런하다,초급,사람이,형용사,
부치다,초급,편지를,동사,02
부탁,초급,을 받다,명사,
북쪽,초급,방향,명사,
분,초급,아는 분,의존명사,01
분,초급,60분,의존명사,08
분명하다,초급,발음이,형용사,01
분식,초급,을 먹다,명사,04
분위기,초급,어색한,명사,
분홍색,초급,색깔,명사,
불,초급,을 피우다,명사,01
불고기,초급,음식,명사,
불다,초급,바람이,동사,01
불쌍하다,초급,표정이,형용사,
불안,초급,이 커지다,명사,01
불편,초급,이 따르다,명사,01
붉다,초급,색깔이,형용사,01
붙다,초급,먼지가,동사,
붙이다,초급,우표를,동사,
블라우스,초급,를 입다,명사,
비,초급,가 그치다,명사,01
비교,초급,비교 대상,명사,01
비누,초급,로 씻다,명사,
비다,초급,집이,동사,01
비디오,초급,비디오 두 편,명사,
비밀,초급,을 지키다,명사,
비빔밥,초급,음식,명사,
비슷하다,초급,성격이,형용사,02
비싸다,초급,값이,형용사,
비행기,초급,를 타다,명사,
빌딩,초급,을 짓다,명사,
빌리다,초급,돈을,동사,
빠르다,초급,걸음이,형용사,
빠지다,초급,강에,동사,02
빨간색,초급,색깔,명사,
빨갛다,초급,사과가,형용사,
빨다,초급,옷을,동사,02
빨래,초급,를 하다,명사,
빨리,초급,빨리 걷다,부사,
빵,초급,을 먹다,명사,01
빵집,초급,에서 일하다,명사,
빼다,초급,이를,동사,01
뽑다,초급,이를,동사,
사,초급,숫자,수사/관형사,11
사거리,초급,를 건너다,명사,01
사계절,초급,이 뚜렷하다,명사,
사고,초급,가 나다,명사,12
사과,초급,과일,명사,05
사귀다,초급,친구를,동사,
사다,초급,물건을,동사,
사람,초급,이 살다,명사,
사랑,초급,연인 간의,명사,01
사무실,초급,에 출근하다,명사,
사실,초급,을 밝히다,명사/부사,04
사십,초급,숫자,수사/관형사,
사업,초급,사업 수완,명사,04
사용,초급,을 하다,명사,04
사월,초급,달(월),명사,02
사이,초급,에 놓다,명사,01
사이다,초급,를 마시다,명사,02
사이즈,초급,가 크다,명사,01
사장,초급,이 되다,명사,15
사전,초급,을 찾다,명사,22
사진,초급,카메라,명사,06
사탕,초급,을 먹다,명사,02
사흘,초급,시간,명사,
산,초급,에 오르다,명사,01
산책,초급,을 나가다,명사,
살,초급,이 찌다,명사,01
살,초급,세 살,의존명사,04
살다,초급,오래 ,동사,01
삼,초급,삼 년,수사/관형사,06
삼거리,초급,가 나오다,명사,
삼겹살,초급,음식,명사,
삼계탕,초급,음식,명사,
삼십,초급,숫자,수사/관형사,
삼월,초급,달(월),명사,
삼촌,초급,친척,명사,
상,초급,을 받다,명사,25
상자,초급,에 넣다,명사,09
상처,초급,가 낫다,명사,02
상추,초급,식물,명사,01
상품,초급,을 팔다,명사,03
새,초급,동물,명사,03
새,초급,새 옷,관형사,06
새로,초급,새로 사다,부사,
새롭다,초급,기억이,형용사,
새벽,초급,에 일어나다,명사,01
새해,초급,가 다가오다,명사,
색,초급,색깔,명사,03
색깔,초급,이 진하다,명사,
샌드위치,초급,음식,명사,
생각,초급,에 빠지다,명사,01
생각나다,초급,할 말이,동사,
생기다,초급,건물이,동사,
생선,초급,을 굽다,명사,
생신,초급,생일,명사,02
생일,초급,파티,명사,02
생활,초급,직장 생활,명사,
샤워,초급,를 하다,명사,
서너,초급,서너 개,관형사,
서다,초급,똑바로 서다,동사,01
서두르다,초급,준비를,동사,
서랍,초급,을 닫다,명사,
서로,초급,서로 믿다,부사,01
서류,초급,문서,명사,02
서른,초급,숫자,수사·관형사,
서비스,초급,서비스 정신,명사,
서양,초급,동양,명사,
서울,초급,도시,명사,01
서점,초급,책방,명사,03
서쪽,초급,방향,명사,
섞다,초급,물을,동사,
선물,초급,을 받다,명사,03
선배,초급,후배,명사,
선생님,초급,국어 선생님,명사,
선선하다,초급,날씨가,형용사,01
선수,초급,축구 선수,명사,05
선택,초급,을 하다,명사,
선풍기,초급,를 켜다,명사,
설거지,초급,를 하다,명사,
설날,초급,명절,명사,
설렁탕,초급,음식,명사,
설명,초급,을 듣다,명사,
설탕,초급,을 넣다,명사,
섬,초급,제주도,명사,03
섭섭하다,초급,서운하다,형용사,01
성,초급,김 씨,명사,06
성격,초급,이 좋다,명사,02
성공,초급,실패,명사,01
성적,초급,을 거두다,명사,04
성함,초급,을 묻다,명사,
세,초급,숫자,관형사,01
세,초급,삼십 세,의존명사,13
세계,초급,세계 여행,명사,02
세다,초급,주먹이,형용사,03
세배,초급,를 드리다,명사,
세상,초급,이 넓다,명사,01
세수,초급,얼굴,명사,04
세우다,초급,자리에서,동사,01
세탁,초급,을 하다,명사,
세탁기,초급,를 돌리다,명사,
세탁소,초급,에 옷을 맡기다,명사,
센터,초급,쇼핑 센터,명사,02
센티미터,초급,단위,의존명사,
셋,초급,숫자,수사,
셋째,초급,숫자,수사·관형사/명사,
소,초급,동물,명사,03
소개,초급,직업 소개,명사,02
소고기,초급,를 먹다,명사,
소금,초급,이 짜다,명사,01
소리,초급,가 나다,명사,01
소설,초급,고전 소설,명사,03
소식,초급,을 듣다,명사,04
소주,초급,를 마시다,명사,05
소중하다,초급,친구가,형용사,
소파,초급,가구,명사,06
소포,초급,우편,명사,01
소풍,초급,을 가다,명사,02
소화제,초급,약,명사,01
속,초급,주머니 속,명사,01
속도,초급,가 빠르다,명사,01
속옷,초급,을 입다,명사,
손,초급,신체,명사,01
손가락,초급,신체,명사,
손녀,초급,를 돌보다,명사,
손님,초급,이 없다,명사,
손바닥,초급,신체,명사,
손수건,초급,으로 닦다,명사,
송편,초급,음식,명사,
쇼핑,초급,을 가다,명사,
수,초급,숫자,명사,26
수건,초급,으로 닦다,명사,
수고,초급,를 하다,명사,01
수박,초급,을 먹다,명사,01
수술,초급,을 받다,명사,05
수업,초급,을 받다,명사,04
수영,초급,을 배우다,명사,02
수영복,초급,을 입다,명사,
수영장,초급,에 다니다,명사,
수요일,초급,요일,명사,
수저,초급,를 놓다,명사,01
수첩,초급,에 쓰다,명사,01
숙제,초급,를 하다,명사,03
순두부찌개,초급,음식,명사,
순서,초급,를 매기다,명사,
숟가락,초급,을 들다,명사,
술,초급,을 마시다,명사,01
술집,초급,에서 술을 마시다,명사,
숫자,초급,를 세다,명사,
쉬다,초급,그늘에서,동사,03
쉬다,초급,숨을,동사,04
쉰,초급,숫자,수사·관형사,
쉽다,초급,문제가 ,형용사,
슈퍼마켓,초급,에서 사다,명사,
스무,초급,숫자,관형사,
스물,초급,숫자,수사,
스스로,초급,나 스스로,부사/명사,
스웨터,초급,를 입다,명사,
스카프,초급,를 매다,명사,
스케이트,초급,를 신다,명사,
스키,초급,를 신다,명사,
스키장,초급,에서 놀다,명사,
스타,초급,인기 스타,명사,
스트레스,초급,를 풀다,명사,
스파게티,초급,음식,명사,
스포츠,초급,스포츠 경기,명사,
슬퍼하다,초급,이별을,동사,
슬프다,초급,마음이,형용사,
슬픔,초급,에 잠기다,명사,
습관,초급,을 기르다,명사,
시,초급,서울시,명사,06
시,초급,몇 시/태어난 시,명사/의존명사,10
시간,초급,이 걸리다,명사/의존명사,04
시간표,초급,를 짜다,명사,
시계,초급,시간,명사,02
시골,초급,에 살다,명사,
시끄럽다,초급,소리가,형용사,
시내,초급,시외,명사,03
시다,초급,맛이,형용사,01
시민,초급,을 설득하다,명사,
시어머니,초급,를 모시다,명사,
시원하다,초급,공기가,형용사,
시월,초급,달(월),명사,01
시작,초급,끝,명사,01
시장,초급,에 가다,명사,04
시청,초급,시청 공무원,명사,01
시키다,초급,일을,동사,01
시험,초급,을 보다,명사,03
식구,초급,가족,명사,01
식다,초급,국이,동사,01
식당,초급,에서 식사하다,명사,
식빵,초급,을 먹다,명사,
식사,초급,를 하다,명사,03
식초,초급,를 넣다,명사,
식탁,초급,을 차리다,명사,
식품,초급,을 섭취하다,명사,01
신다,초급,양말을,동사,
신랑,초급,신부,명사,02
신문,초급,을 읽다,명사,10
신발,초급,을 신다,명사,
신부,초급,신랑,명사,10
신분증,초급,을 확인하다,명사,
신선하다,초급,과일이,형용사,03
신청,초급,을 받다,명사,01
신호,초급,를 기다리다,명사,01
신호등,초급,을 기다리다,명사,
신혼여행,초급,을 떠나다,명사,
싣다,초급,짐을,동사,01
실례,초급,가 되다,명사,01
실수,초급,를 하다,명사,01
실패,초급,성공,명사,02
싫다,초급,일이,형용사,01
싫어하다,초급,몹시 싫어하다,동사,
심다,초급,나무를,동사,01
심심하다,초급,지루하고 심심하다,형용사,01
심하다,초급,장난이,형용사,
십,초급,숫자,수사/관형사,
십만,초급,숫자,수사·관형사,
십이월,초급,달(월),명사,
십일월,초급,달(월),명사,
싱겁다,초급,맛이,형용사,
싸다,초급,짐을,동사,01
싸다,초급,가격이,형용사,05
싸우다,초급,친구와,동사,
쌀,초급,보리,명사,
쌀쌀하다,초급,날씨가,형용사,
쌓다,초급,물건을,동사,
썰다,초급,오이를,동사,01
쓰다,초급,글자를,동사,01
쓰다,초급,모자를,동사,02
쓰다,초급,컴퓨터를,동사,03
쓰다,초급,맛이,형용사,06
쓰레기,초급,를 줍다,명사,
쓰레기통,초급,을 버리다,명사,
씨,초급,마이클 씨,의존명사,07
씹다,초급,껌을,동사,01
씻다,초급,손을,동사,
아,초급,"아, 그래요?",감탄사,02
아가씨,초급,아줌마,명사,
아기,초급,가 울다,명사,01
아까,초급,아까 먹다,부사/명사,
아나운서,초급,직업,명사,
아내,초급,남편,명사,01
아니,초급,대답,감탄사,02
아니다,초급,−,형용사,
아니요,초급,대답,감탄사,
아들,초급,을 낳다,명사,
아래,초급,위치,명사,01
아래쪽,초급,방향,명사,
아르바이트,초급,를 구하다,명사,
아름답다,초급,모습이,형용사,
아마,초급,아마 -을 것이다,부사,01
아무,초급,아무도/아무 데도,관형사/대명사,01
아무것,초급,이나 괜찮다,명사,
아무리,초급,아무리 아이라고 해도,부사,
아버님,초급,가족,명사,
아버지,초급,가족,명사,
아빠,초급,가족,명사,
아이,초급,어른,명사,01
아이스크림,초급,을 먹다,명사,
아저씨,초급,아주머니,명사,
아주,초급,아주 쉽다,부사,01
아주머니,초급,아저씨,명사,
아줌마,초급,아주머니,명사,
아직,초급,아직 없다,부사,01
아침,초급,이 되다,명사,
아파트,초급,에 살다,명사,
아프다,초급,다리가,형용사,
아홉,초급,숫자,수사/관형사,
아흔,초급,숫자,수사/관형사,
악기,초급,를 연주하다,명사,05
안,초급,밖,명사,01
안,초급,안 춥다,부사,02
안개,초급,가 끼다,명사,
안경,초급,을 쓰다,명사,03
안내,초급,관광,명사,01
안내문,초급,을 받다,명사,
안녕,초급,친구야! 안녕.,명사/감탄사,
안녕히,초급,안녕히 계세요,부사,
안다,초급,아기를,동사,01
안되다,초급,공부가,동사,01
안전,초급,을 지키다,명사,03
안쪽,초급,바깥쪽,명사,
앉다,초급,의자에,동사,
알다,초급,사실을,동사,
알리다,초급,사실을,동사,
알맞다,초급,크기가 ,형용사,
알아보다,초급,정보를,동사,
앞,초급,으로 나가다,명사,
앞쪽,초급,으로 향하다,명사,
애,초급,어른,명사,02
애인,초급,연인,명사,02
앨범,초급,사진,명사,
야,초급,"야, 같이 가자",감탄사,04
야구,초급,축구,명사,02
야채,초급,를 먹다,명사,
약,초급,약 1시간,관형사,03
약,초급,을 먹다,명사,07
약간,초급,약간 크다,부사/명사,
약국,초급,에 가다,명사,02
약사,초급,가 되다,명사,04
약속,초급,을 지키다,명사,
약하다,초급,힘이,형용사,01
얇다,초급,두께가,형용사,
양말,초급,을 신다,명사,01
양복,초급,을 입다,명사,01
양식,초급,한식,명사,03
양식집,초급,에 가다,명사,
양치질,초급,을 하다,명사,
얘기,초급,를 들려주다,명사,
어,초급,"어, 이게 뭐야?",감탄사,02
어깨,초급,신체,명사,01
어느,초급,어느 나라,관형사,01
어둡다,초급,조명이,형용사,
어디,초급,어디예요?,대명사,01
어떠하다,초급,생각이,형용사,
어떤,초급,어떤 느낌,관형사,
어떻다,초급,마음이,형용사,
어렵다,초급,문제가 ,형용사,
어른,초급,이 되다,명사,01
어리다,초급,나이가,형용사,03
어린아이,초급,와 놀다,명사,
어린이,초급,사람,명사,01
어머니,초급,가족,명사,01
어머님,초급,가족,명사,
어서,초급,어서 일어나,부사,01
어울리다,초급,사람들과,동사,
어제,초급,오늘,부사/명사,01
어젯밤,초급,시간,명사,
억,초급,숫자,수사·관형사,04
언니,초급,가족,명사,
언어,초급,로 표현하다,명사,01
언제,초급,언제예요?,대명사/부사,01
언제나,초급,언제나 함께,부사,
얻다,초급,물건을 ,동사,01
얼굴,초급,신체,명사,01
얼다,초급,얼음이,동사,01
얼마,초급,얼마예요?,명사,
얼마나,초급,얼마나 예쁜지,부사,
얼음,초급,이 녹다,명사,01
엄마,초급,가족,명사,
없다,초급,재미가,형용사/동사,01
엉덩이,초급,신체,명사,
에어컨,초급,을 켜다,명사,
엘리베이터,초급,를 타다,명사,
여권,초급,을 발급하다,명사,02
여기,초급,장소,대명사,01
여기저기,초급,장소,명사,
여덟,초급,숫자,수사·관형사,
여동생,초급,가족,명사,
여든,초급,숫자,수사·관형사,
여러,초급,여러 나라,관형사,
여러분,초급,국민 여러분,대명사,
여름,초급,계절,명사,01
여보세요,초급,전화,감탄사,
여섯,초급,숫자,수사·관형사,
여성,초급,남성,명사,01
여자,초급,남자,명사,02
여쭙다,초급,선생님께,동사,
여학생,초급,남학생,명사,
여행,초급,을 가다,명사,02
여행사,초급,에서 일하다,명사,
여행지,초급,로 떠나다,명사,
역,초급,에 내리다,명사,14
역사,초급,한국의,명사,04
역시,초급,나 역시,부사,01
연결,초급,을 끊다,명사,01
연극,초급,을 보다,명사,
연락,초급,을 주다,명사,02
연락처,초급,를 남기다,명사,
연말,초급,이 되다,명사,01
연세,초급,가 드시다,명사,02
연습,초급,피아노 연습,명사,03
연예인,초급,직업,명사,
연필,초급,로 쓰다,명사,
연휴,초급,연휴 동안 쉬다,명사,02
열,초급,숫자,수사·관형사,03
열,초급,이 나다,명사,07
열다,초급,문을,동사,02
열리다,초급,문이,동사,02
열쇠,초급,로 열다,명사,
열심히,초급,열심히 공부하다,부사,
열차,초급,를 타다,명사,02
열흘,초급,시간,명사,
엽서,초급,를 보내다,명사,02
영,초급,숫자,명사,14
영국,초급,나라,명사,01
영수증,초급,을 받다,명사,
영어,초급,언어,명사,02
영하,초급,로 떨어지다,명사,
영화,초급,를 보다,명사,01
영화관,초급,에 가다,명사,01
영화배우,초급,직업,명사,
옆,초급,오른쪽 옆,명사,
옆집,초급,에 살다,명사,
예,초급,대답,감탄사,06
예매,초급,영화표 예매,명사,01
예쁘다,초급,얼굴이,형용사,
예순,초급,숫자,수사·관형사,
예술,초급,예술 작품,명사,
예습,초급,복습,명사,
예약,초급,호텔 예약,명사,
옛,초급,옛 친구,관형사,01
옛날,초급,먼 옛날,명사,
오,초급,숫자,수사·관형사,04
오늘,초급,시간,부사/명사,
오다,초급,한국에,동사,01
오래,초급,오래 쓰다,부사,02
오래간만,초급,오래간만에 만나다,명사,
오래되다,초급,집이 ,형용사,
오랜만,초급,오랜만에 만나다,명사,
오랫동안,초급,오랫동안 사귀다,명사,
오렌지,초급,과일,명사,
오르다,초급,값이,동사,
오른손,초급,왼손,명사,
오른쪽,초급,왼쪽,명사,
오빠,초급,가족,명사,
오십,초급,숫자,수사/관형사,
오월,초급,달(월),명사,01
오이,초급,채소,명사,01
오전,초급,오후,명사,02
오후,초급,오전,명사,02
온도,초급,가 높다,명사,
올라가다,초급,나무에,동사,
올라오다,초급,산에,동사,
올리다,초급,값을,동사,01
올림,초급,편지,명사,01
올림픽,초급,올림픽 경기,명사,
올해,초급,시간,명사,
옳다,초급,생각이,형용사,01
옷,초급,을 입다,명사,01
옷걸이,초급,에 걸다,명사,
옷장,초급,에 넣다,명사,02
와,초급,"와, 정말 반갑다",감탄사,02
와이셔츠,초급,를 입다,명사,
완전히,초급,완전히 끝나다,부사,
왕,초급,이 되다,명사,04
왜,초급,왜 그래?,부사,02
왜냐하면,초급,−,부사,
외국,초급,에 가다,명사,02
외국어,초급,로 말하다,명사,
외국인,초급,을 만나다,명사,
외롭다,초급,삶이,형용사,
외우다,초급,단어를,동사,01
외출,초급,을 준비하다,명사,
왼손,초급,오른손,명사,
왼쪽,초급,오른쪽,명사,
요금,초급,전화 요금,명사,01
요리,초급,방법,명사,05
요리사,초급,직업,명사,
요일,초급,시간,명사,
요즘,초급,시간,명사,
우동,초급,을 먹다,명사,02
우리,초급,우리 가족,대명사,03
우리나라,초급,우리나라 사람,명사,
우산,초급,을 쓰다,명사,01
우선,초급,먼저,부사,02
우유,초급,를 마시다,명사,02
우체국,초급,에 가다,명사,
우표,초급,를 붙이다,명사,
운동,초급,운동 시설,명사,02
운동복,초급,을 입다,명사,
운동장,초급,을 뛰다,명사,
운동화,초급,를 신다,명사,
운전,초급,초보 운전,명사,02
운전사,초급,직업,명사,
울다,초급,아기가,동사,01
울산,초급,도시,명사,01
울음,초급,을 그치다,명사,
움직이다,초급,몸을,동사,
웃다,초급,활짝 웃다,동사,
웃음,초급,이 나다,명사,
원,초급,천 원,의존명사,01
원피스,초급,를 입다,명사,
원하다,초급,도움을 ,동사,02
월,초급,몇 월,명사/의존명사,02
월급,초급,을 받다,명사,
월요일,초급,요일,명사,
위,초급,아래,명사,01
위쪽,초급,을 향하다,명사,
위치,초급,를 정하다,명사,01
위험,초급,이 닥치다,명사,
유리,초급,가 깨지다,명사,10
유명,초급,유명 가수,명사,01
유월,초급,달(월),명사,01
유치원,초급,에 입학하다,명사,
유학,초급,을 가다,명사,04
유학생,초급,유학생 신분,명사,01
유행,초급,을 따르다,명사,02
육,초급,숫자,수사/관형사,02
육교,초급,를 건너다,명사,02
육십,초급,숫자,수사/관형사,
윷놀이,초급,를 하다,명사,
은행,초급,에 입금하다,명사,02
음,초급,"음, 그럴 듯하다",감탄사,01
음료,초급,를 마시다,명사,
음료수,초급,물,명사,
음식,초급,을 먹다,명사,
음식점,초급,에서 식사하다,명사,
음악,초급,을 듣다,명사,01
음악가,초급,가 연주하다,명사,
응,초급,대답,감탄사,01
의미,초급,가 있다,명사,02
의사,초급,치과 의사,명사,12
의자,초급,에 앉다,명사,03
이,초급,를 닦다,명사,03
이,초급,"그, 저 ",대명사/관형사,05
이,초급,둘 ,수사/관형사,09
이거,초급,이것,대명사,01
이것,초급,−,대명사,
이곳,초급,장소,대명사,
이기다,초급,경기에서,동사,01
이날,초급,이날 공연,명사,
이다,초급,책이다,조사,03
이따가,초급,이따가 가다,부사,
이때,초급,를 놓치다,명사,
이런,초급,이런 일,관형사,01
이렇다,초급,결과가,형용사,
이르다,초급,빠르다,형용사,03
이름,초급,을 묻다,명사,
이마,초급,신체,명사,01
이모,초급,친척,명사,02
이미,초급,이미 끝나다,부사,01
이번,초급,이번 주,명사,01
이분,초급,그분,대명사,01
이불,초급,을 덮다,명사,01
이사,초급,를 가다,명사,14
이삿짐,초급,을 싸다,명사,
이상,초급,한 시간 이상,명사,05
이상,초급,이상 기온,명사,12
이십,초급,숫자,수사/관형사,
이야기,초급,를 들려주다,명사,
이용,초급,이 많다,명사,01
이웃,초급,이웃 나라,명사,
이월,초급,달(월),명사,01
이유,초급,를 묻다,명사,04
이전,초급,이전의 경험,명사,03
이제,초급,이제부터,명사/부사,01
이쪽,초급,으로 향하다,대명사,02
이틀,초급,이 지나다,명사,01
이해,초급,가 쉽다,명사,06
이후,초급,이후의 삶,명사,02
익다,초급,과일이 ,동사,01
익숙하다,초급,기계에,형용사,
인기,초급,가 많다,명사,01
인도네시아,초급,나라,명사,
인분,초급,삼 인분,의존명사,
인사,초급,아침 인사,명사,02
인삼,초급,을 달이다,명사,
인정받다,초급,능력을,동사,
인천,초급,지명,명사,02
인터넷,초급,에 접속하다,명사,
인형,초급,인형 놀이,명사,01
일,초급,이 쌓이다,명사,01
일,초급,숫자,수사/관형사,05
일,초급,삼 일,명사/의존명사,07
일곱,초급,숫자,수사/관형사,
일기,초급,를 쓰다,명사,12
일본,초급,나라,명사,02
일부,초급,일부 지역,명사,02
일식,초급,음식,명사,04
일식집,초급,에서 먹다,명사,
일어나다,초급,일찍 일어나다,동사,
일어서다,초급,자리에서 ,동사,
일요일,초급,요일,명사,
일월,초급,달(월),명사,01
일주일,초급,이 걸리다,명사,
일찍,초급,일찍 일어나다,부사,
일흔,초급,숫자,수사·관형사,
읽다,초급,책을,동사,
잃다,초급,물건을,동사,
잃어버리다,초급,물건을 ,동사,
입,초급,을 열다,명사,
입구,초급,지하철,명사,02
입다,초급,옷을,동사,01
입술,초급,신체,명사,
입원,초급,입원 환자,명사,01
입장권,초급,을 사다,명사,
입학,초급,대학 입학,명사,
입학시험,초급,에 합격하다,명사,
있다,초급,집에,동사/형용사,01
잊다,초급,번호를,동사,01
잊어버리다,초급,번호를,동사,
잎,초급,이 떨어지다,명사,01
자기소개,초급,를 하다,명사,
자꾸,초급,자꾸 반복하다,부사,01
자다,초급,잠을,동사,01
자동차,초급,를 운전하다,명사,
자동판매기,초급,를 누르다,명사,
자라다,초급,나무가,동사,01
자랑,초급,을 하다,명사,01
자르다,초급,머리를,동사,01
자리,초급,에 앉다,명사,01
자세히,초급,자세히 알다,부사,
자식,초급,을 기르다,명사,01
자신,초급,나 자신,명사,01
자연,초급,으로 돌아가다,명사/부사,01
자유,초급,를 누리다,명사,03
자장면,초급,음식,명사,
자전거,초급,를 타다,명사,
자주,초급,자주 만나다,부사,01
자판기,초급,커피 자판기,명사,
작년,초급,시간,명사,
작다,초급,얼굴이,형용사,01
잔,초급,커피 잔,명사,03
잔치,초급,생일 잔치,명사,01
잘,초급,잘 알다,부사,02
잘되다,초급,일이,동사,
잘못,초급,이 많다,부사/명사,
잘못되다,초급,순서가,동사,
잘못하다,초급,선택을,동사,
잘생기다,초급,얼굴이,형용사,
잘하다,초급,외국어를,동사,
잠,초급,을 자다,명사,01
잠깐,초급,잠깐 기다리다,부사/명사,
잠시,초급,잠시 기다리다,부사/명사,
잠자다,초급,새근새근 잠자다,동사,
잡다,초급,손을,동사,01
잡수시다,초급,진지를,동사,
잡지,초급,를 보다,명사,
잡채,초급,음식,명사,
장,초급,한 장,의존명사,21
장갑,초급,을 끼다,명사,01
장난감,초급,을 가지고 놀다,명사,
장마,초급,가 오다,명사,01
장미,초급,꽃,명사,05
장소,초급,를 정하다,명사,05
재료,초급,를 준비하다,명사,01
재미,초급,가 있다,명사,01
재미없다,초급,이야기가,형용사,
재미있다,초급,이야기가,형용사,
재채기,초급,가 나오다,명사,
저,초급,사람(1인칭),대명사,03
저,초급,이도 저도,대명사/관형사,04
저,초급,"저, 있잖아요.",감탄사,05
저거,초급,저것,대명사,01
저것,초급,−,대명사,
저곳,초급,장소,대명사,
저금,초급,을 하다,명사,
저기,초급,장소,대명사,01
저녁,초급,이 되다,명사,
저런,초급,그런,관형사,01
저렇다,초급,−,형용사,
저번,초급,저번 주,명사,02
저분,초급,이분,대명사,01
저쪽,초급,방향,대명사,
저희,초급,저희 회사,대명사,01
적다,초급,이름을,동사,01
적다,초급,양이,형용사,02
적당하다,초급,가격이 ,형용사,02
전,초급,전 세계,관형사,07
전,초급,오래 전,명사/관형사,08
전공,초급,을 결정하다,명사,05
전기,초급,가 끊기다,명사,15
전부,초급,전부 모이다,명사/부사,05
전철,초급,을 타다,명사,04
전체,초급,전체 국민,명사,01
전하다,초급,편지를,동사,
전혀,초급,전혀 모르다,부사,01
전화,초급,를 걸다,명사,07
전화기,초급,가 울리다,명사,
전화번호,초급,를 묻다,명사,
젊다,초급,나이가,형용사,
점수,초급,가 높다,명사,06
점심,초급,에 만나다,명사,
점심때,초급,가 되다,명사,
점심시간,초급,이 되다,명사,
점점,초급,점점 추워지다,부사,01
접다,초급,종이를,동사,01
접시,초급,에 담다,명사,
젓가락,초급,을 쓰다,명사,
정거장,초급,버스 정거장,명사,
정도,초급,어느 정도,명사,11
정류장,초급,버스 정류장,명사,
정리,초급,책상 정리,명사,09
정말,초급,정말 좋다,명사/부사,01
정문,초급,으로 다니다,명사,03
정신없이,초급,정신없이 일하다,부사,
정원,초급,을 가꾸다,명사,06
정하다,초급,약속을 ,동사,03
정형외과,초급,에서 치료하다,명사,
정확,초급,발음이,명사,01
젖다,초급,옷이 ,동사,01
제,초급,사람(1인칭),대명사,01
제목,초급,을 짓다,명사,02
제일,초급,제일 좋아하다,명사/부사,04
제주도,초급,지명,명사,01
조금,초급,조금 먹다,명사/부사,01
조금씩,초급,조금씩 가다,부사,
조심,초급,운전 조심,명사,02
조용하다,초급,집이 ,형용사,01
조용히,초급,조용히 말하다,부사,
조카,초급,가족,명사,
졸다,초급,깜빡 졸다,동사,01
졸업,초급,입학,명사,
좀,초급,좀 비싸다,부사,02
좁다,초급,방이,형용사,01
종류,초급,가 다양하다,명사,
종업원,초급,직업,명사,
종이,초급,에 쓰다,명사,01
좋다,초급,날씨가,형용사,01
좋아하다,초급,꽃을,동사,
죄송하다,초급,마음이,형용사,
주,초급,이번 주 ,의존명사/명사,26
주다,초급,선물을 ,동사,01
주로,초급,주로 말하다,부사,01
주말,초급,을 보내다,명사,02
주머니,초급,에 넣다,명사,
주무시다,초급,잠을,동사,
주문,초급,을 받다,명사,04
주변,초급,주변 환경,명사,04
주부,초급,로 살다,명사,03
주사,초급,를 맞다,명사,13
주소,초급,를 적다,명사,01
주스,초급,를 마시다,명사,
주위,초급,눈 주위,명사,02
주인,초급,가게 주인,명사,01
주일,초급,이번 주일,명사/의존명사,03
주차,초급,주차 위반,명사,04
주차장,초급,에 세우다,명사,
주황색,초급,색깔,명사,
죽다,초급,사람이,동사,01
준비,초급,출근 준비,명사,
줄,초급,을 감다,명사,01
줄다,초급,크기가 ,동사,
줄이다,초급,소리를,동사,
줍다,초급,쓰레기를,동사,01
중,초급,회의 중,의존명사,04
중간,초급,집과 학교의 중간,명사,01
중국,초급,나라 ,명사,01
중국집,초급,에 주문하다,명사,
중심,초급,서울의 중심,명사,01
중앙,초급,무대 중앙,명사,01
중요,초급,중요 자료,명사,02
중학교,초급,에 입학하다,명사,
중학생,초급,이 되다,명사,
즐거워하다,초급,매우 즐거워하다,동사,
즐겁다,초급,마음이,형용사,
즐기다,초급,휴가를 ,동사,01
지각,초급,을 하다,명사,05
지갑,초급,에 넣다,명사,03
지금,초급,지금부터 ,명사/부사,03
지나가다,초급,시간이,동사,
지나다,초급,시간이,동사,
지난달,초급,시간,명사,
지난번,초급,시간,명사,
지난주,초급,시간,명사,
지난해,초급,시간,명사,
지내다,초급,잘 지내다,동사,01
지다,초급,경기에서,동사,03
지도,초급,를 보다,명사,03
지루하다,초급,수업이,형용사,01
지르다,초급,소리를,동사,03
지방,초급,남쪽 지방,명사,05
지우개,초급,로 지우다,명사,
지우다,초급,지우개로,동사,01
지키다,초급,나라를,동사,01
지하,초급,로 내려가다,명사,
지하도,초급,를 건너다,명사,
지하철,초급,을 타다,명사,
지하철역,초급,에 도착하다,명사,
직업,초급,을 구하다,명사,
직원,초급,을 모집하다,명사,03
직장,초급,에 다니다,명사,05
직접,초급,직접 만나다,명사/부사,
진짜,초급,진짜 괜찮다,명사/부사,
진하다,초급,안개가,형용사,01
질문,초급,에 답하다,명사,
짐,초급,을 싸다,명사,01
집,초급,에 살다,명사,01
집들이,초급,에 초대하다,명사,
집안일,초급,을 보다,명사,
짓다,초급,집을,동사,01
짜다,초급,맛이,형용사,03
짜증,초급,을 내다,명사,
짝,초급,을 맞추다,명사,01
짧다,초급,다리가,형용사,
짬뽕,초급,음식,명사,
쪽,초급,방향,의존명사,05
찌개,초급,를 끓이다,명사,01
찌다,초급,살이,동사,01
찌다,초급,감자를,동사,05
찍다,초급,도장을,동사,02
차,초급,자동차,명사,05
차,초급,를 마시다,명사,08
차갑다,초급,물이,형용사,
차다,초급,공간이,동사,01
차다,초급,공을,동사,02
차다,초급,시계를,동사,03
차다,초급,바람이,형용사,04
차례,초급,지키다,명사,01
착하다,초급,마음이,형용사,
찬물,초급,을 마시다,명사,01
참,초급,참 좋다,부사,01
참다,초급,기침을,동사,
참외,초급,과일,명사,01
창문,초급,을 열다,명사,
찾다,초급,지갑을,동사,
찾아가다,초급,교실로,동사,
찾아보다,초급,수첩을,동사,
찾아오다,초급,손님이,동사,
채소,초급,를 먹다,명사,
책,초급,을 읽다,명사,01
책상,초급,가구,명사,01
책장,초급,가구,명사,02
처음,초급,처음 시작하다,명사,
천,초급,숫자,수사·관형사,03
천만,초급,숫자,수사·관형사/명사/부사,01
천천히,초급,천천히 가다,부사,
첫,초급,첫 만남,관형사,
첫날,초급,새해 첫날,명사,
첫째,초급,첫째 시간,수사·관형사/명사,
청년,초급,젊은 청년,명사,
청바지,초급,를 입다,명사,
청소,초급,화장실 청소,명사,06
청소년,초급,청소년 시절,명사,
체육관,초급,실내 체육관,명사,
체크무늬,초급,체크무늬 남방,명사,
쳐다보다,초급,하늘을,동사,
초,초급,초기,의존명사,03
초,초급,시간,의존명사,07
초대,초급,를 하다,명사,06
초대장,초급,을 보내다,명사,
초등학교,초급,에 입학하다,명사,
초등학생,초급,이 되다,명사,
초록색,초급,색깔,명사,
초콜릿,초급,을 먹다,명사,
최고,초급,최고 점수,명사,02
최근,초급,에 들다,명사,
추다,초급,춤을,동사,02
추석,초급,명절,명사,01
축구,초급,운동,명사,04
축구공,초급,을 차다,명사,
축하,초급,축하 파티,명사,
출구,초급,로 나가다,명사,01
출근,초급,퇴근,명사,
출발,초급,도착,명사,
출석,초급,을 부르다,명사,
출입,초급,을 통제하다,명사,
출입국,초급,출입국 사무소,명사,
출장,초급,을 가다,명사,01
출퇴근,초급,을 하다,명사,
춤,초급,을 추다,명사,01
춤추다,초급,가수들이,동사,
춥다,초급,날씨가,형용사,
충분하다,초급,시간이,형용사,01
취미,초급,취미 생활,명사,04
취소,초급,예약 취소,명사,01
취직,초급,이 되다,명사,
층,초급,10층 건물,명사,02
치과,초급,병원,명사,
치다,초급,책상을,동사,02
치료,초급,를 받다,명사,
치마,초급,를 입다,명사,01
치약,초급,을 짜다,명사,
치킨,초급,음식,명사,
친구,초급,를 만나다,명사,02
친절,초급,로 대하다,명사,
친척,초급,이 모이다,명사,
친하다,초급,친구와,형용사,
칠,초급,숫자,수사/관형사,01
칠십,초급,숫자,수사/관형사,
칠월,초급,달(월),명사,
칠판,초급,에 쓰다,명사,
침대,초급,가구,명사,02
침실,초급,에서 자다,명사,
칫솔,초급,로 이를 닦다,명사,
칭찬,초급,을 듣다,명사,
카드,초급,를 쓰다,명사,
카레,초급,음식,명사,
카메라,초급,로 찍다,명사,
카페,초급,에서 만나다,명사,
칼,초급,로 자르다,명사,01
칼국수,초급,음식,명사,
캐나다,초급,나라,명사,
커피,초급,를 마시다,명사,
커피숍,초급,에서 만나다,명사,
컴퓨터,초급,컴퓨터 게임,명사,
컵,초급,을 닦다,명사,
케이크,초급,를 먹다,명사,
켜다,초급,불을,동사,01
켜다,초급,바이올린을,동사,02
켤레,초급,한 켤레,의존명사,02
코,초급,가 높다,명사,01
코끼리,초급,동물,명사,
콘서트,초급,를 보다,명사,
콜라,초급,를 마시다,명사,
콧물,초급,이 나오다,명사,
콩,초급,식물,명사,01
크기,초급,가 크다,명사,
크다,초급,크기가 ,형용사/동사,01
크리스마스,초급,크리스마스 트리,명사,
큰소리,초급,가 들리다,명사,01
키,초급,키가 큰 사람,명사,01
키우다,초급,강아지를,동사,
킬로그램,초급,단위,의존명사,
킬로미터,초급,단위,의존명사,
타다,초급,불에,동사,01
타다,초급,차에,동사,02
타다,초급,커피를,동사,03
탁구,초급,를 치다,명사,
탕수육,초급,음식,명사,
태국,초급,나라,명사,
태권도,초급,를 배우다,명사,
태극기,초급,를 달다,명사,
태도,초급,가 좋다,명사,03
태어나다,초급,아이가,동사,
태풍,초급,이 불다,명사,
택배,초급,로 보내다,명사,
택시,초급,를 타다,명사,
터미널,초급,에서 내리다,명사,
테니스,초급,를 치다,명사,
테니스장,초급,에서 연습핟,명사,
테이블,초급,에 놓다,명사,
텔레비전,초급,을 보다,명사,
토끼,초급,동물,명사,
토마토,초급,채소,명사,
토요일,초급,요일,명사,
통장,초급,을 만들다,명사,02
통화,초급,전화 통화,명사,04
퇴근,초급,출근,명사,
퇴원,초급,퇴원 수속,명사,01
튀기다,초급,기름에,동사,02
튀김,초급,을 먹다,명사,01
트럭,초급,을 타다,명사,
특별하다,초급,관심이,형용사,
특별히,초급,특별히 좋아하다,부사,
특히,초급,특히 좋아하다,부사,
튼튼하다,초급,몸이,형용사,
틀다,초급,텔레비전을,동사,
틀리다,초급,답이,동사,01
티셔츠,초급,를 입다,명사,
팀,초급,을 이루다,명사,01
파란색,초급,색깔,명사,
파랗다,초급,하늘이,형용사,
파티,초급,를 열다,명사,
팔,초급,신체,명사,01
팔,초급,숫자,수사/관형사,03
팔다,초급,책을,동사,
팔리다,초급,물건이,동사,
팔십,초급,숫자,수사/관형사,
팔월,초급,달(월),명사,
펴다,초급,책을,동사,
편리,초급,고객의 편리,명사,03
편안,초급,을 바라다,명사,01
편의점,초급,에서 사다,명사,
편지,초급,를 쓰다,명사,02
편찮다,초급,할아버지께서,형용사,
편하다,초급,마음이,형용사,
평소,초급,와 같다,명사,
평일,초급,주말,명사,
포도,초급,과일,명사,06
포장,초급,선물 포장,명사,01
표,초급,를 끊다,명사,04
푸르다,초급,나무가,형용사,
푹,초급,푹 자다,부사,01
풀다,초급,나사를,동사,
풍경,초급,을 보다,명사,01
프라이팬,초급,에 볶다,명사,
프랑스,초급,나라,명사,02
프로그램,초급,교육 프로그램,명사,
피,초급,를 흘리다,명사,02
피곤,초급,에 지치다,명사,
피다,초급,꽃이,동사,01
피아노,초급,를 치다,명사,01
피우다,초급,꽃을,동사,01
피자,초급,를 주문하다,명사,
필요,초급,를 충족하다,명사,
필통,초급,에 넣다,명사,
하나,초급,숫자,수사/명사,
하늘,초급,이 높다,명사,01
하늘색,초급,색깔,명사,
하다,초급,운동을,동사,01
-하다,초급,건강하다,접사,02
하루,초급,를 보내다,명사,01
하숙비,초급,를 내다,명사,
하숙집,초급,에 묵다,명사,
하얀색,초급,색깔,명사,
하얗다,초급,눈이,형용사,
하지만,초급,−,부사,
학교,초급,에 다니다,명사,
학기,초급,가 시작되다,명사,02
학년,초급,새 학년,명사,
학생,초급,을 가르치다,명사,
학생증,초급,을 제시하다,명사,
학원,초급,영어 학원,명사,02
한,초급,한 명,관형사,01
한가하다,초급,마음이,형용사,02
한강,초급,지명,명사,01
한국,초급,나라,명사,05
한글,초급,을 쓰다,명사,01
한두,초급,한두 명,관형사,
한번,초급,한번 해 보다,명사/부사,
한복,초급,을 입다,명사,
한식,초급,을 먹다,명사,04
한식집,초급,음식점,명사,02
한옥,초급,에 살다,명사,
한잔,초급,한잔 마시다,명사,
한턱,초급,을 내다,명사,
할머니,초급,가족,명사,
할아버지,초급,가족,명사,
할인,초급,할인 가격,명사,01
함께,초급,함께 놀다,부사,
항공,초급,항공 운항,명사,
항공권,초급,을 예약하다,명사,
항상,초급,항상 같다,부사,
해,초급,가 뜨다,명사/의존명사,01
해마다,초급,해마다 만나다,부사,
해외,초급,에 수출하다,명사,
해외여행,초급,을 가다,명사,
햄버거,초급,를 먹다,명사,
햇빛,초급,이 비치다,명사,
행동,초급,에 옮기다,명사,
행복,초급,을 빌다,명사,02
행사,초급,에 참여하다,명사,01
허리,초급,신체,명사,01
헤어지다,초급,친구와,동사,
헬스클럽,초급,에서 운동하다,명사,
혀,초급,신체,명사,01
현금,초급,을 인출하다,명사,04
현재,초급,현재 하는 일,명사/부사,02
형,초급,가족,명사,01
형제,초급,아들 삼 형제,명사,01
호,초급,사월 호 잡지,의존명사,14
호랑이,초급,동물,명사,
호수,초급,가 맑다,명사,07
호텔,초급,에 묵다,명사,
혹시,초급,만일,부사,01
혼자,초급,살다,부사/명사,01
홍차,초급,를 마시다,명사,
화,초급,가 나다,명사,06
화가,초급,직업,명사,03
화나다,초급,친구가,동사,
화내다,초급,친구에게,동사,
화려하다,초급,보석이,형용사,
화요일,초급,요일,명사,
화장실,초급,에 가다,명사,
화장품,초급,을 바르다,명사,
환영,초급,을 받다,명사,02
환자,초급,을 돌보다,명사,03
환전,초급,달러 환전,명사,01
활발히,초급,활발히 활동하다,부사,
회,초급,여러 회,의존명사,08
회사,초급,에 다니다,명사,04
회사원,초급,직업,명사,
회색,초급,색깔,명사,01
회원,초급,을 모집하다,명사,
회의,초급,가 열리다,명사,04
횡단보도,초급,를 건너다,명사,
후,초급,오 분 후,명사,08
후배,초급,영화계 후배,명사,06
훌륭하다,초급,작품이,형용사,
훨씬,초급,훨씬 많다,부사,
휴가,초급,를 가다,명사,01
휴게실,초급,에서 쉬다,명사,
휴대폰,초급,으로 전화하다,명사,
휴일,초급,에 쉬다,명사,
휴지,초급,를 줍다,명사,02
휴지통,초급,에 버리다,명사,
흐르다,초급,물이,동사,01
흐리다,초급,공기가,형용사,02
흔들다,초급,손을,동사,
흘리다,초급,눈물을,동사,
희망,초급,희망 사항,명사,
흰색,초급,색깔,명사,
힘,초급,이 세다,명사,01
힘들다,초급,일이,형용사,
-가,중급,전문가,접사,13
가까이,중급,가까이 다가오다,부사/명사,
가꾸다,중급,나무를 가꾸다,동사,
가난,중급,에 찌들다,명사,01
가능,중급,주차 가능,명사,
가능성,중급,이 높다,명사,
가득하다,중급,물이,형용사,01
가득히,중급,물을 가득히 따르다,부사,
가라앉다,중급,먼지가,동사,
-가량,중급,한 시간가량,접사,06
가렵다,중급,몸이,형용사,
가로,중급,세로,명사/부사,01
가로등,중급,이 켜지다,명사,
가로막다,중급,길을,동사,
가루,중급,로 만들다,명사,01
가르다,중급,칼로,동사,
가리다,중급,얼굴을,동사,02
가리다,중급,시비를,동사,03
가만,중급,가만 놔두다,부사,
가만있다,중급,잠자코 가만있다,동사,
가만히,중급,가만히 두다,부사,
가뭄,중급,이 들다,명사,
가사,중급,노래 가사,명사,09
가스,중급,가스가 떨어지다,명사,
가스레인지,중급,를 켜다,명사,
가습기,중급,를 켜다,명사,
가입,중급,을 권유하다,명사,
가입자,중급,를 모집하다,명사,
가장,중급,집안의 가장,명사,07
가전제품,중급,을 구입하다,명사,
가정,중급,을 이루다,명사,06
가정,중급,을 해 보다,명사,07
가정주부,중급,로 살다,명사,
가져다주다,중급,물건을,동사,
가죽,중급,가죽 잠바,명사,01
가지,중급,를 꺾다,명사,01
가짜,중급,로 꾸미다,명사,
가치,중급,가 높다,명사,06
가치관,중급,이 바뀌다,명사,
가톨릭,중급,을 믿다,명사,
각,중급,각 개인,관형사,01
각국,중급,아시아 각국,명사,
각오,중급,를 다지다,명사,01
각자,중급,각자가 맡다,명사/부사,02
각종,중급,각종 과일,명사,
간,중급,을 보다,명사,01
간,중급,신체,명사,08
간,중급,서울과 부산 간,의존명사,10
-간,중급,이틀간,접사,16
간격,중급,을 넓히다,명사,02
간섭,중급,을 받다,명사,
간신히,중급,간신히 살아나다,부사,
간절하다,중급,간절한 기도,형용사,
간접적,중급,간접적 영향,관형사·명사,
간지럽다,중급,눈이,형용사,
간판,중급,을 걸다,명사,02
간편하다,중급,사용이,형용사,
간호,중급,를 받다,명사,
간혹,중급,간혹 생기다,부사/명사,
갇히다,중급,감옥에,동사,
갈다,중급,붕대를,동사,01
갈등,중급,이 심하다,명사,
갈라지다,중급,벽이,동사,01
갈수록,중급,갈수록 더하다,부사,
갈증,중급,이 나다,명사,
-감,중급,책임감,접사,19
감각,중급,이 없다,명사,02
감다,중급,붕대를,동사,03
감독,중급,을 강화하다,명사,
감동,중급,을 받다,명사,02
감동적,중급,감동적 이야기,관형사·명사,
감상,중급,음악 감상,명사,05
감상문,중급,독서 감상문,명사,
감소,중급,인구 감소,명사,01
감시,중급,를 당하다,명사,02
감싸다,중급,얼굴을,동사,
감옥,중급,에 가두다,명사,02
감정,중급,이 풍부하다,명사,06
감추다,중급,모습을,동사,
감히,중급,감히 대들다,부사,
갑작스럽다,중급,갑작스러운 일,형용사,
값싸다,중급,값싼 물건,형용사,
강도,중급,은행 강도,명사,06
강물,중급,이 흐르다,명사,
강사,중급,시간 강사,명사,04
강수량,중급,이 많다,명사,
강요,중급,부모의 강요,명사,01
강의,중급,를 듣다,명사,02
강의실,중급,대형 강의실,명사,
강제,중급,로 시키다,명사,01
강조,중급,강조 사항,명사,02
갖가지,중급,갖가지 모양,명사,
갖추다,중급,시설을,동사,
개구리,중급,를 잡다,명사,
개나리,중급,가 피다,명사,01
개념,중급,을 이해하다,명사,
개다,중급,날이,동사,01
개다,중급,옷을,동사,03
개미,중급,곤충,명사,03
개발,중급,재능 개발,명사,
개방,중급,개방 시간,명사,04
개별,중급,개별 행동,명사,
개선,중급,제도 개선,명사,01
개성,중급,이 강하다,명사,03
개인,중급,개인의 자유,명사,02
개인적,중급,개인적 감정,관형사·명사,
개최,중급,공동 개최,명사,
개혁,중급,경제 개혁,명사,
-객,중급,등산객,접사,02
객관적,중급,객관적 증거,관형사·명사,
걔,중급,그 아이,줄어든 말,
거꾸로,중급,거꾸로 뒤집히다,부사,
거대,중급,거대 규모,명사,
거두다,중급,빨래를,동사,
거들다,중급,일을,동사,01
거래,중급,가 이루어지다,명사,02
거래처,중급,거래처 직원,명사,
거미,중급,곤충,명사,02
거북이,중급,동물,명사,
거스름돈,중급,을 받다,명사,
거지,중급,가 되다,명사,01
거짓,중급,으로 꾸미다,명사,
거치다,중급,도시를,동사,01
거칠다,중급,살결이,형용사,
거품,중급,이 나다,명사,
걱정스럽다,중급,자식이,형용사,
건너,중급,길 건너,명사,01
건널목,중급,을 건너가다,명사,
건네다,중급,돈을,동사,
건네주다,중급,돈을,동사,
건드리다,중급,물건을,동사,
건설,중급,아파트 건설,명사,
건전지,중급,를 갈다,명사,
건조,중급,건조 기후,명사,04
건지다,중급,그물을,동사,
건축,중급,건축 공사,명사,01
걷다,중급,소매를,동사,03
걷다,중급,빨래를,동사,04
걸레,중급,로 닦다,명사,01
걸치다,중급,구름 위에,동사,
검다,중급,색깔이,형용사,02
검사,중급,판사와 검사,명사,02
검색,중급,인터넷 검색,명사,
검토,중급,서류 검토,명사,
겁,중급,을 먹다,명사,05
겁나다,중급,말하기가,동사,02
겉모습,중급,만 보다,명사,
겉옷,중급,을 벗다,명사,
게,중급,를 먹다,명사,01
게다가,중급,게다가 ~까지,부사,
게시,중급,안내문 게시,명사,02
게시판,중급,에 붙이다,명사,
겨우,중급,겨우 살아나다,부사,
겨울철,중급,을 보내다,명사,
격려,중급,를 보내다,명사,
겪다,중급,고통을,동사,
견디다,중급,고통을,동사,
견학,중급,박물관 견학,명사,
견해,중급,견해 차이,명사,02
결국,중급,결국 해내다,부사/명사,
결근,중급,출근,명사,
결론,중급,을 내리다,명사,02
결승,중급,결승 경기,명사,01
결제,중급,카드 결제,명사,01
결코,중급,결코 울지 않다,부사,
결합,중급,을 이루다,명사,
결혼식장,중급,야외 결혼식장,명사,
겸손,중급,겸손의 말,명사,
겹치다,중급,행운이,동사,01
경계,중급,를 짓다,명사,04
경고,중급,를 주다,명사,04
경기,중급,가 회복되다,명사,05
경기장,중급,실내 경기장,명사,
경력,중급,을 쌓다,명사,02
경복궁,중급,고궁,명사,
경비,중급,여행 경비,명사,02
경비실,중급,아파트 경비실,명사,
경영,중급,회사 경영,명사,02
경우,중급,그런 경우,명사,02
경쟁,중급,경쟁 상대,명사,
경쟁력,중급,을 키우다,명사,
경제,중급,경제 개발,명사,04
경제력,중급,이 있다,명사,
경제적,중급,경제적 능력,관형사·명사,
경찰관,중급,교통 경찰관,명사,
경향,중급,새로운 경향,명사,02
곁,중급,에 있다,명사,01
계곡,중급,에 가다,명사,01
계기,중급,사건의 계기,명사,04
계산기,중급,로 계산하다,명사,
계산대,중급,에서 계산하다,명사,
계약,중급,을 체결하다,명사,
계약금,중급,을 받다,명사,
계약서,중급,를 쓰다,명사,
계좌,중급,계좌 번호,명사,02
계층,중급,상류 계층,명사,
고객,중급,을 맞다,명사,04
고구마,중급,를 캐다,명사,
고국,중급,으로 돌아가다,명사,02
고궁,중급,을 산책하다,명사,01
고급,중급,고급 시계,명사,02
고급스럽다,중급,자동차가,형용사,
고대,중급,고대와 현대,명사,04
고독,중급,을 느끼다,명사,02
고등,중급,고등 지식,명사,02
고등어,중급,고등어 구이,명사,
고래,중급,가 헤엄치다,명사,01
고려,중급,고려 사항,명사,01
고마워하다,중급,부모님에게,동사,
고무,중급,로 만들다,명사,01
고백,중급,사랑 고백,명사,
고생,중급,을 참다,명사,
고소하다,중급,맛이,형용사,01
고속,중급,으로 달리다,명사,02
고요,중급,를 깨트리다,명사,01
고유,중급,고유 음식,명사,03
고장,중급,우리 고장,명사,01
고전,중급,고전 소설,명사,02
고정,중급,고정 수입,명사,06
고집,중급,을 부리다,명사,02
고추,중급,를 따다,명사,01
고춧가루,중급,를 넣다,명사,
고층,중급,고층 빌딩,명사,
고통,중급,을 견디다,명사,
고통스럽다,중급,고통스러운 표정,형용사,
곡,중급,쇼팽의 곡,명사,02
곡식,중급,을 거두다,명사,
곤란,중급,을 당하다,명사,
곧다,중급,다리가,형용사,01
곧바로,중급,곧바로 처리하다,부사,
곧이어,중급,곧이어 시작하다,부사,
곧잘,중급,곧잘 하다,부사,
곧장,중급,곧장 가다,부사,
골,중급,을 넣다(축구),명사,14
골고루,중급,골고루 먹다,부사,
골다,중급,코를,동사,01
골목,중급,좁은 골목,명사,01
골목길,중급,을 걷다,명사,
골프,중급,골프 선수,명사,
곰,중급,동물,명사,03
곱다,중급,꽃이,형용사,02
곱하다,중급,7에 3을 곱하다,동사,
곳곳,중급,전국 곳곳,명사,
공,중급,숫자,명사,12
공간,중급,을 차지하다,명사,05
공감,중급,을 얻다,명사,
공개,중급,공개 강좌,명사,02
공격,중급,을 받다,명사,02
공공,중급,공공 기관,명사,02
공공요금,중급,이 인상되다,명사,
공공장소,중급,를 이용하다,명사,
공과금,중급,을 내다,명사,
공급,중급,을 받다,명사,02
공기,중급,를 마시다,명사,06
공기,중급,에 밥을 담다,명사,07
공동,중급,공동 개최,명사,02
공동체,중급,에 속하다,명사,
공사,중급,신축 공사,명사,02
공손하다,중급,공손한 태도,형용사,
공식,중급,공식 발표,명사,01
공업,중급,이 발달하다,명사,01
공연,중급,을 보다,명사,02
공연장,중급,야외 공연장,명사,
공적,중급,공적 제도,관형사·명사,01
공주,중급,왕자,명사,01
공중전화,중급,공중전화 박스,명사,
공지,중급,를 돌리다,명사,04
공통,중급,공통 화제,명사,
공통점,중급,을 찾다,명사,
공포,중급,를 느끼다,명사,08
공해,중급,가 심각하다,명사,01
과,중급,과의 직원,명사,10
과로,중급,로 쓰러지다,명사,01
과목,중급,암기 과목,명사,02
과소비,중급,를 줄이다,명사,
과속,중급,과속 운전,명사,
과식,중급,으로 배탈이 나다,명사,01
과연,중급,과연 대단하다,부사,01
과외,중급,과외 업무,명사,
과장,중급,이 심하다,명사,06
과장,중급,으로 승진하다,명사,07
과정,중급,을 겪다,명사,03
과제,중급,를 해결하다,명사,04
과학,중급,을 연구하다,명사,
과학자,중급,가 되다,명사,
과학적,중급,과학적 방법,관형사·명사,
-관,중급,도서관,접사,19
-관,중급,가치관,접사,20
관객,중급,이 모여들다,명사,
관계없다,중급,전혀 관계없다,형용사,
관계없이,중급,시간에 관계없이,부사,
관계있다,중급,밀접하게 관계있다,형용사,
관계자,중급,를 만나다,명사,
관람,중급,연극,명사,
관람객,중급,영화 관람객,명사,
관련,중급,이 있다,명사,
관리,중급,학생 관리,명사,04
관심사,중급,가 다르다,명사,
관점,중급,이 다르다,명사,02
관찰,중급,식물 관찰,명사,01
광경,중급,을 보다,명사,
괜히,중급,괜히 이야기하다,부사,
괴로움,중급,을 당하다,명사,
괴롭다,중급,마음이,형용사,
괴롭히다,중급,동생을,동사,
굉장하다,중급,공연이,형용사,
굉장히,중급,굉장히 좋아하다,부사,
교내,중급,교내 방송,명사,01
교대,중급,교대 근무,명사,01
교류,중급,문화 교류,명사,01
교복,중급,을 입다,명사,01
교시,중급,1교시,의존명사,03
교양,중급,을 쌓다,명사,02
교외,중급,로 나가다,명사,01
교육비,중급,로 지출하다,명사,
교육자,중급,를 배출하다,명사,
교장,중급,초등학교 교장,명사,03
교재,중급,학습 교재,명사,01
교체,중급,건전지 교체,명사,01
교통수단,중급,을 이용하다,명사,
교통편,중급,을 예약하다,명사,
교포,중급,재일 교포,명사,02
교훈,중급,을 얻다,명사,02
구,중급,행정 구역,명사,15
구경거리,중급,가 많다,명사,
구르다,중급,공이,동사,01
구매,중급,상품 구매,명사,02
구멍,중급,을 뚫다,명사,
구별,중급,남녀 구별,명사,02
구부리다,중급,허리를,동사,01
구분,중급,을 짓다,명사,06
구석,중급,한쪽 구석,명사,01
구성,중급,구성 인원,명사,07
구세대,중급,신세대,명사,
구속,중급,이 심하다,명사,02
구수하다,중급,맛이,형용사,01
구역,중급,금연 구역,명사,04
구입,중급,물품 구입,명사,03
구조,중급,를 요청하다,명사,05
구조,중급,를 바꾸다,명사,08
구조대,중급,가 오다,명사,02
구체적,중급,구체적 성과,관형사·명사,
구하다,중급,일자리를,동사,01
구하다,중급,목숨을,동사,03
국가,중급,민주 국가,명사,01
국경일,중급,을 맞다,명사,
국기,중급,를 달다,명사,07
국내선,중급,으로 갈아타다,명사,
국립,중급,국립 미술관,명사,
국물,중급,을 떠먹다,명사,
국민,중급,국민 소득,명사,
국산,중급,을 애용하다,명사,
국어,중급,를 가르치다,명사,01
국외,중급,로 수출하다,명사,02
국제결혼,중급,국제결혼 부부,명사,
국제선,중급,으로 갈아타다,명사,
국제화,중급,국제화 시대,명사,
국화,중급,가 피다,명사,05
국회,중급,대한민국 국회,명사,
군,중급,행정 구역,명사,06
군대,중급,에 가다,명사,03
군데,중급,여러 군데,의존명사,
군사,중급,군사 조직,명사,04
굳어지다,중급,땅이,동사,
굳이,중급,굳이 말하다,부사,
굴,중급,을 파다,명사,04
굶다,중급,밥을,동사,
굽,중급,구두의 굽,명사,
굽히다,중급,허리를,동사,
-권,중급,투표권,접사,07
권력,중급,을 강화하다,명사,02
권리,중급,를 누리다,명사,
권위,중급,를 세우다,명사,
권유,중급,간곡한 권유,명사,02
권하다,중급,입원을,동사,
귀가,중급,귀가 시간,명사,03
귀국,중급,출국,명사,02
귀신,중급,이 되다,명사,01
귀중하다,중급,귀중한 보석,형용사,01
귀하,중급,편지,명사/대명사,
귀하다,중급,신분이,형용사,
규모,중급,가 크다,명사,
규정,중급,을 지키다,명사,04
규칙적,중급,규칙적 생활,관형사·명사,
균형,중급,을 잡다,명사,
그나마,중급,그나마 낫다,부사,
그네,중급,를 타다,명사,02
그녀,중급,사람(3인칭),대명사,
그늘,중급,이 지다,명사,
그다지,중급,그다지 좋지 않다,부사,
그대,중급,를 만나다,대명사,
그래도,중급,그리하여도,줄어든 말,
그래프,중급,를 그리다,명사,
그램,중급,몇 그램,의존명사,
그러게,중급,그러게요,부사/감탄사,
그러다,중급,−,동사,
그럭저럭,중급,그럭저럭 견디다,부사,
그런대로,중급,그런대로 괜찮다,부사,
그렇지,중급,"그렇지, 바로 그거야",감탄사,
그룹,중급,스터디 그룹,명사,01
그리,중급,그리 보내다,부사,01
그리움,중급,을 느끼다,명사,
그림자,중급,가 지다,명사,
그림책,중급,을 보다,명사,
그만큼,중급,그만큼 남다,부사/명사,
그만하다,중급,공부를,동사,01
그야말로,중급,그야말로 최고다,부사,
그저,중급,그저 웃기만 하다,부사,
그제,중급,그저께,명사/부사,01
그제야,중급,그제야 끝나다,부사,
그중,중급,그중에서 제일,명사,
그토록,중급,그토록 아름답다,부사,
극복,중급,위기 극복,명사,01
극히,중급,극히 드물다,부사,
근거,중급,법적 근거,명사,
근교,중급,서울 근교,명사,
근대,중급,근대의 사고,명사,03
근데,중급,그런데,부사,01
근래,중급,에 만나다,명사,
근로자,중급,를 해고하다,명사,
근무,중급,를 마치다,명사,
근본,중급,을 밝히다,명사,
근본적,중급,근본적 이유,관형사·명사,
근심,중급,이 많다,명사,01
근육,중급,이 발달하다,명사,
긁다,중급,머리를,동사,
금,중급,금요일,명사,05
금,중급,황금,명사,06
금년,중급,금년 여름,명사,
금액,중급,을 지불하다,명사,02
금연,중급,금연 좌석,명사,01
금융,중급,금융 분야,명사,
금하다,중급,출입을,동사,02
급격히,중급,급격히 감소하다,부사,
급속히,중급,급속히 진행되다,부사,
급증,중급,인구 급증,명사,02
급히,중급,급히 먹다,부사,
긋다,중급,줄을,동사,01
긍정적,중급,긍정적 태도,관형사·명사,
-기,중급,세탁기,접사,43
기계,중급,가 작동하다,명사,06
기관,중급,공공 기관,명사,11
기구,중급,운동 기구,명사,14
기념,중급,결혼 기념,명사,02
기념일,중급,을 축하하다,명사,
기념품,중급,을 받다,명사,
기능,중급,이 다양하다,명사,03
기다,중급,아기가,동사,01
기대,중급,를 저버리지 않다,명사,03
기대다,중급,벽에,동사,01
기도,중급,를 올리다,명사,03
기독교,중급,종교,명사,
기둥,중급,을 세우다,명사,01
기록,중급,을 남기다,명사,02
기반,중급,을 다지다,명사,01
기본,중급,을 익히다,명사,
기본적,중급,기본적 권리,관형사·명사,
기부,중급,장학금 기부,명사,08
기사,중급,버스 기사,명사,02
기사,중급,신문 기사,명사,10
기술,중급,을 배우다,명사,01
기술자,중급,를 양성하다,명사,
기억력,중급,이 좋다,명사,
기업,중급,을 운영하다,명사,01
기업가,중급,가 되다,명사,01
기여,중급,를 하다,명사,04
기운,중급,이 없다,명사,01
기울다,중급,액자가,동사,
기울이다,중급,몸을,동사,
기원,중급,인류의 기원,명사,05
기적,중급,이 일어나다,명사,03
기존,중급,기존 시설,명사,
기준,중급,을 세우다,명사,03
기지개,중급,를 켜다,명사,
기초,중급,를 다지다,명사,06
기타,중급,기타 등등,명사,01
기혼,중급,기혼 여성,명사,02
기획,중급,기획 상품,명사,01
기후,중급,가 좋다,명사,05
긴급,중급,긴급 구조,명사,
긴팔,중급,을 입다,명사,
길가,중급,에 서다,명사,
길거리,중급,를 걷다,명사,
길다,중급,머리가,동사,01
김,중급,이 나다,명사,01
깊이,중급,가 깊다,명사,01
까다,중급,껍데기를,동사,01
까다롭다,중급,조건이,형용사,
까닭,중급,을 묻다,명사,
까먹다,중급,고구마를,동사,
깔끔하다,중급,외모가,형용사,
깔다,중급,이불을,동사,
깔리다,중급,이불이,동사,01
깜깜하다,중급,방이,형용사,
깜박하다,중급,등불이,동사,
깜빡,중급,깜빡 켜지다,부사,
깨,중급,를 볶다,명사,01
깨다,중급,그릇을,동사,02
깨닫다,중급,의미를,동사,
깨뜨리다,중급,거울을,동사,
깨물다,중급,사탕을,동사,
깨어나다,중급,의식이,동사,
깨우다,중급,잠을,동사,01
깨지다,중급,유리가,동사,
꺼지다,중급,불이,동사,01
꺾다,중급,꽃을,동사,
껍질,중급,과일 껍질,명사,
껴안다,중급,아이를,동사,
꼬리,중급,를 흔들다,명사,01
꼭,중급,꼭 누르다,부사,02
꼭대기,중급,에 오르다,명사,
꼼꼼하다,중급,꼼꼼하게 살펴보다,형용사,
꼼꼼히,중급,꼼꼼히 살피다,부사,
꼼짝,중급,꼼짝 못하다,부사,
꼽다,중급,손가락을,동사,01
꼽히다,중급,다섯 손가락 안에,동사,01
꽂다,중급,열쇠를,동사,
꽂히다,중급,꽃이,동사,
꽃꽂이,중급,를 배우다,명사,
꽃무늬,중급,꽃무늬 커튼,명사,
꽃잎,중급,이 지다,명사,
꽉,중급,꽉 누르다,부사,
꽤,중급,꽤 멀다,부사,01
꾸다,중급,돈을,동사,02
꾸리다,중급,이삿짐을,동사,01
꾸미다,중급,외모를,동사,
꾸준하다,중급,꾸준하게 노력하다,형용사,
꾸준히,중급,꾸준히 노력하다,부사,
꾸중,중급,을 듣다,명사,
꿀,중급,을 찍어 먹다,명사,
꿇다,중급,무릎을,동사,
꿈꾸다,중급,꿈꾸며 자다,동사,
꿈속,중급,에서 만나다,명사,
끄덕이다,중급,고개를,동사,
끈,중급,을 묶다,명사,01
끊기다,중급,다리가,동사,
끊어지다,중급,줄이,동사,
끊임없다,중급,손님이,형용사,
끊임없이,중급,끊임없이 이어지다,부사,
끌다,중급,신발을,동사,
끌리다,중급,바지가,동사,
끌어당기다,중급,의자를,동사,
끌어안다,중급,아기를,동사,
끝내,중급,끝내 모르다,부사,
끝없다,중급,욕심이,형용사,
끝없이,중급,끝없이 이어지다,부사,
끼,중급,하루 세 끼,명사,01
끼다,중급,구름이,동사,02
끼다,중급,단추를,동사,03
끼어들다,중급,틈으로,동사,
끼우다,중급,단추를,동사,01
끼이다,중급,틈에,동사,01
끼치다,중급,소름이,동사,01
끼치다,중급,걱정을,동사,02
나뉘다,중급,빵이,동사,
나란히,중급,나란히 걷다,부사,
나르다,중급,이삿짐을,동사,01
나름,중급,하기 나름,의존명사,
나무라다,중급,실수를,동사,
나물,중급,을 다듬다,명사,01
나뭇가지,중급,를 꺾다,명사,
나뭇잎,중급,을 따다,명사,
나비,중급,곤충,명사,03
나빠지다,중급,건강이,동사,
나서다,중급,거리에,동사,
나아가다,중급,거리로,동사,
나아지다,중급,건강이,동사,
나이프,중급,로 썰다,명사,
나타내다,중급,모습을,동사,
낙엽,중급,을 태우다,명사,
난로,중급,를 피우다,명사,01
난리,중급,를 피하다,명사,02
난방,중급,냉방,명사,02
난처하다,중급,입장이,형용사,
날개,중급,를 펴다,명사,01
날리다,중급,눈발이,동사,01
날리다,중급,깃발을,동사,02
날아가다,중급,새가,동사,
날아오다,중급,새가,동사,
날카롭다,중급,바늘이,형용사,
낡다,중급,옷이,형용사,01
남,중급,남자,명사,02
남,중급,남쪽,명사,04
남매,중급,를 두다,명사,
남미,중급,에 살다,명사,
남부,중급,남부 지방,명사,01
남북,중급,을 잇다,명사,
낭비,중급,를 막다,명사,
낮추다,중급,온도를,동사,
낯설다,중급,얼굴이,형용사,
낳다,중급,아기를,동사,01
내,중급,기간 내,의존명사,09
내내,중급,일 년 내내,부사,01
내놓다,중급,밖으로,동사,
내다보다,중급,창밖을,동사,
내달,중급,내달 중순,명사,
내려놓다,중급,책을,동사,
내려다보다,중급,아래를,동사,
내려앉다,중급,나비가,동사,
내밀다,중급,손을,동사,
내버리다,중급,쓰레기를,동사,
내보내다,중급,밖으로,동사,
내부,중급,내부 수리,명사,04
내성적,중급,내성적 성격,관형사·명사,
내세우다,중급,무대에,동사,
내외,중급,건물 내외,명사,01
내주다,중급,거스름돈을,동사,
내쫓다,중급,밖으로,동사,
내후년,중급,까지 지속되다,명사,
낼모레,중급,내일모레,부사/명사,
냉동,중급,을 시키다,명사,
냉방,중급,을 하다,명사,
냉수,중급,를 마시다,명사,
냉정하다,중급,성격이,형용사,01
너그럽다,중급,마음이,형용사,
너머,중급,산 너머,명사,
너무나,중급,너무나 좋다,부사,
넉넉하다,중급,시간이,형용사,
널다,중급,빨래를,동사,01
널리,중급,널리 알려지다,부사,
넓어지다,중급,폭이,동사,
넓이,중급,를 재다,명사,
넓히다,중급,길을,동사,
넘겨주다,중급,물건을,동사,
넘기다,중급,해를,동사,
넘어가다,중급,막대기가,동사,01
넘어뜨리다,중급,나무를,동사,
넘어서다,중급,산을,동사,
넘어오다,중급,나무가,동사,
넘치다,중급,강물이,동사,
네모,중급,를 그리다,명사,
네티즌,중급,으로 활동하다,명사,
녀석,중급,나쁜 녀석,의존명사,
년대,중급,이천 년대,의존명사,
년도,중급,이천 년도,의존명사,
노동,중급,노동 시간,명사,03
노동자,중급,로 일하다,명사,
노랑,중급,색,명사,01
노려보다,중급,상대를,동사,
노선,중급,지하철 노선,명사,01
노선도,중급,버스 노선도,명사,
노약자,중급,를 보호하다,명사,
노트북,중급,이 고장나다,명사,
녹다,중급,얼음이,동사,01
녹음,중급,을 듣다,명사,03
녹음기,중급,로 녹음하다,명사,
녹이다,중급,얼음을,동사,
녹화,중급,방송 녹화,명사,03
논리,중급,에 맞다,명사,
논리적,중급,논리적 사고,관형사·명사,01
논의,중급,를 거치다,명사,02
논쟁,중급,을 벌이다,명사,
놀랍다,중급,위력이,형용사,
놀리다,중급,친구를,동사,01
놀리다,중급,신나게,동사,03
놀이공원,중급,에 가다,명사,
놀이터,중급,에서 놀다,명사,
농민,중급,이 경작하다,명사,
농부,중급,가 씨를 뿌리다,명사,01
농사,중급,를 짓다,명사,01
농사일,중급,을 돕다,명사,
농산물,중급,을 판매하다,명사,
농업,중급,에 종사하다,명사,
농촌,중급,에서 농사를 짓다,명사,
높아지다,중급,파도가,동사,
높이다,중급,건물을,동사,
높임말,중급,을 쓰다,명사,
놓아두다,중급,책상 위에,동사,
놓이다,중급,마음이,동사,
놓치다,중급,손을,동사,
놔두다,중급,탁자 위에,동사,
뇌,중급,뇌 세포,명사,03
누님,중급,둘째 누님,명사,
눈가,중급,에 바르다,명사,
눈감다,중급,할아버지께서,동사,
눈길,중급,이 가다,명사,01
눈동자,중급,가 크다,명사,
눈뜨다,중급,아침에,동사,
눈병,중급,에 걸리다,명사,
눈부시다,중급,조명이,형용사,
눈빛,중급,따뜻한 눈빛,명사,01
눈사람,중급,을 만들다,명사,
눈싸움,중급,겨울,명사,02
눈썹,중급,을 그리다,명사,
눈앞,중급,에 보이다,명사,
눈치,중급,가 없다,명사,
눕히다,중급,침대에,동사,
느긋하다,중급,마음이,형용사,02
느끼하다,중급,튀김이,형용사,
늘리다,중급,규모를,동사,
늘어나다,중급,사람이,동사,
늘어놓다,중급,변명을,동사,
늘어서다,중급,차가,동사,
늘이다,중급,고무줄을,동사,01
늦가을,중급,늦가을의 날씨,명사,
늦겨울,중급,이 지나다,명사,
늦봄,중급,이 지나다,명사,
늦어지다,중급,일이,동사,
늦여름,중급,이 지나다,명사,
늦잠,중급,을 자다,명사,
늦추다,중급,시기를,동사,
님,중급,홍길동 님,의존명사,01
-님,중급,선생님,접사,04
다가가다,중급,문 쪽으로,동사,
다가서다,중급,옆으로 바짝,동사,
다가오다,중급,우리 쪽으로,동사,
다녀가다,중급,집에,동사,
다듬다,중급,배추를,동사,
다루다,중급,업무를,동사,01
다름없다,중급,전과,형용사,
다리다,중급,옷을,동사,01
다리미,중급,로 옷을 다리다,명사,
다만,중급,다만 ~뿐이다,부사,01
다물다,중급,입을,동사,
다방,중급,에서 만나다,명사,02
다소,중급,다소 빠르다,부사/명사,01
다수,중급,가 참여하다,명사,
다운로드,중급,를 받다,명사,
다정,중급,을 보이다,명사,01
다지다,중급,마늘을,동사,02
다짐,중급,을 받다,명사,
다투다,중급,아이들이,동사,
다행,중급,으로 생각하다,명사,
다행스럽다,중급,다행스럽게 생각하다,형용사,
다행히,중급,다행히 찾다,부사,
단,중급,단 하루,관형사,10
단계,중급,마무리 단계,명사,03
단골,중급,단골 손님,명사,01
단기,중급,단기 교육,명사,09
단단하다,중급,뼈가,형용사,
단독,중급,으로 만나다,명사,02
단맛,중급,을 느끼다,명사,
단발머리,중급,로 자르다,명사,
단속,중급,을 피하다,명사,01
단순히,중급,단순히 생각하다,부사,
단위,중급,화폐 단위,명사,02
단점,중급,을 극복하다,명사,01
단정하다,중급,옷차림이,형용사,01
단지,중급,단지 ~만으로,부사,04
단지,중급,를 조성하다,명사,08
단체,중급,에 가입하다,명사,02
닫히다,중급,창문이,동사,
달다,중급,단추를,동사,03
달다,중급,달라고 하다,동사,05
달라지다,중급,장소가,동사,
달래다,중급,아이를,동사,01
달러,중급,로 바꾸다,의존명사/명사,
달려가다,중급,빠르게 달려가다,동사,
달려들다,중급,버스로,동사,
달려오다,중급,먼 길을,동사,
달리,중급,달리 보이다,부사,01
달리다,중급,단추가,동사,01
달빛,중급,이 비치다,명사,
달성,중급,목표 달성,명사,
달아나다,중급,범인이,동사,
달콤하다,중급,케이크가,형용사,
달하다,중급,한계에,동사,01
닳다,중급,신발이,동사,
담,중급,을 쌓다,명사,01
담,중급,담 날,명사,03
담그다,중급,물에,동사,
담기다,중급,음식이 그릇에,동사,01
담다,중급,쌀을,동사,01
담당,중급,담당 부서,명사,
담당자,중급,가 처리하다,명사,
담백하다,중급,맛이,형용사,
담요,중급,를 덮다,명사,
담임,중급,을 맡다,명사,
답변,중급,을 듣다,명사,
닷새,중급,가 걸리다,명사,
-당,중급,시간당,접사,16
당근,중급,을 먹다,명사,
당기다,중급,의자를,동사,01
당당하다,중급,태도가,형용사,
당분간,중급,당분간 쉬다,명사/부사,
당시,중급,그 당시,명사,02
당신,중급,인칭 대명사,대명사,02
당연하다,중급,결과가,형용사,01
당연히,중급,당연히 다르다,부사,01
당일,중급,로 다녀오다,명사,
당장,중급,지금 당장,명사,02
당첨,중급,복권 당첨,명사,
당하다,중급,사기꾼에게,동사,01
당황,중급,을 하다,명사,02
닿다,중급,손에,동사,01
대,중급,가 굵다,명사/의존명사,01
대-,중급,대가족,접사,18
대가,중급,를 지불하다(물건),명사,06
대강,중급,대강 정리하다,명사/부사,02
대개,중급,대개의 경우,명사/부사,03
대규모,중급,대규모 행사,명사,
대기,중급,가 오염되다,명사,07
대기,중급,를 시키다,명사,16
대기업,중급,에 취직하다,명사,
대낮,중급,처럼 밝다,명사,
대다,중급,열차 시간에,동사,01
대다수,중급,가 찬성하다,명사,
대단하다,중급,실력이,형용사,
대단히,중급,대단히 좋다,부사,
대도시,중급,에 살다,명사,
대략,중급,대략 설명하다,명사/부사,
대량,중급,으로 생산하다,명사,01
대로,중급,로 나서다,명사,05
대리,중급,로 참석하다,명사,05
대립,중급,이 심하다,명사,03
대문,중급,을 열다,명사,03
대비,중급,색채 대비,명사,09
대비,중급,노후 대비,명사,10
대사,중급,직업,명사,04
대사,중급,를 외우다,명사,17
대상,중급,연구 대상,명사,11
대상자,중급,합격 대상자,명사,03
대신,중급,나 대신 너,명사,03
대여섯,중급,대여섯 살,수사·관형사,
대응,중급,법적 대응,명사,02
대접,중급,손님 대접,명사,05
대조,중급,지문 대조,명사,10
대중,중급,과 소통하다,명사,02
대중가요,중급,를 부르다,명사,
대중교통,중급,으로 가다,명사,
대중문화,중급,가 발전하다,명사,
대책,중급,을 마련하다,명사,03
대처,중급,대처 방안,명사,04
대청소,중급,집안 대청소,명사,
대체,중급,대체 방안,명사,03
대체로,중급,대체로 그러하다,부사,
대출,중급,도서 대출,명사,02
대충,중급,대충 읽다,부사,01
대통령,중급,을 뽑다,명사,
대표,중급,로 꼽히다,명사,
대표적,중급,대표적 작품,관형사·명사,
대하다,중급,얼굴을,동사,02
대한민국,중급,대한민국 국민,명사,
대형,중급,대형 냉장고,명사,04
댐,중급,을 건설하다,명사,02
더구나,중급,더구나 덥기까지 하다,부사,01
더러워지다,중급,옷이,동사,
더럽히다,중급,옷을,동사,
더불다,중급,더불어 살다,동사,
더욱더,중급,더욱더 높아지다,부사,
더욱이,중급,더욱이 바람까지 불다,부사,
더위,중급,를 피하다,명사,
더하다,중급,숫자를,형용사/동사,
덕,중급,이 높다,명사,05
덕택,중급,부모님 덕택,명사,
덜,중급,덜 익다,부사,01
덜다,중급,밥을,동사,01
덧붙이다,중급,벽지를,동사,
덩어리,중급,가 생기다,명사,
덮다,중급,이불을,동사,
덮이다,중급,뚜껑이,동사,
데,중급,갈 데(장소),의존명사,01
데다,중급,불에,동사,01
데리다,중급,데리고 가다,동사,
데우다,중급,찌개를,동사,01
데치다,중급,채소를,동사,
도,중급,행정 구역,명사,11
도구,중급,청소 도구,명사,10
도난,중급,을 당하다,명사,01
도대체,중급,도대체 얼마 만이니?,부사,
도둑,중급,을 잡다,명사,01
도로,중급,도로 오다,부사,01
도리어,중급,도리어 화를 내다,부사,
도마,중급,에 놓고 썰다,명사,01
도망,중급,을 다니다,명사,02
도망가다,중급,도둑이,동사,
도망치다,중급,감옥에서,동사,
도무지,중급,도무지 모르다,부사,02
도서,중급,도서 대출,명사,06
도시락,중급,을 싸다,명사,
도심,중급,에 위치하다,명사,04
도입,중급,기술 도입,명사,
도자기,중급,를 빚다,명사,
도장,중급,을 찍다,명사,17
도저히,중급,도저히 안 되다,부사,
도전,중급,을 계속하다,명사,04
도중,중급,에 끼어들다,명사,04
독,중급,이 퍼지다(뱀),명사,04
독감,중급,에 걸리다,명사,01
독립,중급,독립 선언,명사,
독신자,중급,로 살다,명사,01
독일어,중급,를 가르치다,명사,
독자,중급,독자와 작가,명사,04
독특하다,중급,취향이,형용사,
독하다,중급,냄새가,형용사,
돌,중급,을 맞다,명사/의존명사,01
돌려받다,중급,책을,동사,
돌려보내다,중급,물건을,동사,
돌멩이,중급,를 던지다,명사,
돌보다,중급,아이를,동사,
돌아다니다,중급,거리를,동사,
돌아보다,중급,뒤를,동사,
돌아서다,중급,마음이,동사,
동,중급,동쪽,명사,10
동,중급,행정 구역,명사,12
동그라미,중급,를 그리다,명사,
동그랗다,중급,얼굴이,형용사,
동기,중급,대학 동기,명사,04
동기,중급,를 유발하다,명사,06
동남아,중급,지역,명사,
동료,중급,직장 동료,명사,
동부,중급,동부 유럽,명사,05
동서남북,중급,으로 찾다,명사,
동아리,중급,에 가입하다,명사,02
동양,중급,동양 사상,명사,03
동양인,중급,을 만나다,명사,
동영상,중급,을 보다,명사,
동요,중급,를 부르다,명사,02
동의,중급,를 구하다,명사,02
동일,중급,동일 조건,명사,02
동작,중급,이 느리다,명사,03
동창,중급,을 만나다,명사,01
동창회,중급,초등학교 동창회,명사,
동포,중급,재미 동포,명사,02
동호회,중급,에 가입하다,명사,
동화,중급,를 읽다,명사,07
동화책,중급,을 읽다,명사,
되게,중급,되게 크다,부사,
되도록,중급,되도록 빨리,부사,
되돌리다,중급,시간을,동사,
되돌아가다,중급,집으로,동사,
되돌아오다,중급,편지가,동사,
되살리다,중급,생명을,동사,
되살아나다,중급,입맛이,동사,
되찾다,중급,기억을,동사,
되풀이,중급,가 되다,명사,01
두께,중급,가 얇다,명사,01
두뇌,중급,두뇌 발달,명사,
두드러지다,중급,이마가,동사,
두드리다,중급,문을,동사,
두려움,중급,을 극복하다,명사,
두려워하다,중급,미래를,동사,
두렵다,중급,후환이,형용사,01
두르다,중급,목도리를,동사,
두리번거리다,중급,주위를,동사,
두어,중급,두어 마리,관형사,
두통약,중급,을 복용하다,명사,
둘러보다,중급,주위를,동사,
둘러싸다,중급,포장지를,동사,
둘러싸이다,중급,포장지에,동사,
둘레,중급,를 재다,명사,
둥글다,중급,지구가,형용사,01
둥지,중급,를 틀다,명사,
뒤늦다,중급,뒤늦게 깨닫다,형용사,
뒤따르다,중급,뒤따라 걷다,동사,
뒤떨어지다,중급,대열에서 ,동사,
뒤지다,중급,십 미터쯤,동사,01
뒤지다,중급,가방을,동사,02
뒤집다,중급,옷을,동사,
뒤편,중급,에 놓다,명사,
뒷골목,중급,으로 다니다,명사,
뒷모습,중급,을 보이다,명사,
뒷문,중급,이 열리다,명사,
뒷산,중급,에 오르다,명사,
드나들다,중급,차량이,동사,
드라이,중급,가 잘 되다(헤어),명사,
드라이브,중급,를 나가다,명사,
드라이어,중급,로 머리를 말리다,명사,
드라이클리닝,중급,을 맡기다,명사,
드러나다,중급,사실이,동사,
드러내다,중급,몸매를,동사,
드레스,중급,를 입다,명사,
드물다,중급,사람이,형용사,
든든하다,중급,마음이,형용사,
듣기,중급,듣기 평가,명사,
들려오다,중급,소식이,동사,
들려주다,중급,음악을,동사,
들리다,중급,감기에,동사,01
들리다,중급,짐이,동사,04
들어서다,중급,집에,동사,
들어주다,중급,부탁을,동사,
들여다보다,중급,방 안을,동사,
들이다,중급,손님을,동사,02
들키다,중급,거짓말을,동사,01
등,중급,일 등,의존명사/명사,04
등,중급,"서울, 부산 등",의존명사,05
등기,중급,를 이전하다,명사,02
등록,중급,신입생 등록,명사,01
등록금,중급,을 내다,명사,
등록증,중급,을 발급받다,명사,
등산복,중급,을 입다,명사,
등장,중급,퇴장,명사,01
디자이너,중급,패션 디자이너,명사,
디지털,중급,디지털 방송,명사,
따님,중급,둘째 따님,명사,
따다,중급,사과를,동사,01
따라가다,중급,친구를,동사,
따라다니다,중급,졸졸 따라다니다,동사,
따라서,중급,−,부사,
따라오다,중급,뒤를,동사,
따로따로,중급,따로따로 움직이다,부사,01
따르다,중급,뒤를,동사,01
따르다,중급,물을,동사,02
따르릉,중급,따르릉 울리다,부사,
따지다,중급,이유를,동사,01
딱,중급,딱 알맞다,부사,03
딱딱하다,중급,의자가,형용사,01
딴,중급,딴 생각,관형사,03
땅바닥,중급,에 놓다,명사,
땅속,중급,에 묻다,명사,
땅콩,중급,을 까먹다,명사,
때,중급,를 밀다,명사,02
때때로,중급,때때로 변하다,부사,
때로,중급,때로는 느끼다,부사,
때리다,중급,종아리를,동사,01
떠나가다,중급,고향을,동사,
떠나오다,중급,고향을,동사,
떠오르다,중급,태양이,동사,
떠올리다,중급,추억을,동사,
떨다,중급,무서움에,동사,01
떨리다,중급,온몸이,동사,01
떨어뜨리다,중급,바닥에,동사,
떼,중급,를 지어 다니다,명사,01
떼다,중급,스티커를,동사,01
또다시,중급,또다시 반복하다,부사,
또한,중급,나 또한,부사,
똑똑히,중급,똑똑히 기억하다,부사,
똥,중급,을 싸다,명사,
뚜껑,중급,을 닫다,명사,
뚜렷하다,중급,의식이,형용사,
뚫다,중급,구멍을,동사,
뚫리다,중급,구멍이,동사,
뛰다,중급,빨리 뛰다,동사,01
뛰어나다,중급,솜씨가,형용사,
뛰어나오다,중급,집 밖으로,동사,
뛰어내리다,중급,아래로,동사,
뛰어넘다,중급,담을,동사,
뛰어놀다,중급,운동장에서,동사,
뛰어다니다,중급,집안을,동사,
뛰어들다,중급,강물에,동사,
뜨다,중급,달이,동사,01
뜨다,중급,물을,동사,04
뜯다,중급,편지를,동사,
뜰,중급,을 거닐다,명사,01
뜻대로,중급,뜻대로 되다,부사,
뜻밖,중급,뜻밖의 사실,명사,
뜻밖에,중급,뜻밖에 나타나다,부사,
띄다,중급,눈에,동사,01
띠,중급,를 매다,명사,01
띠,중급,돼지띠,명사,04
띠다,중급,허리띠를,동사,01
량,중급,작업량,명사,05
레몬,중급,과일,명사,
렌즈,중급,를 끼다,명사,
렌터카,중급,를 빌리다,명사,
-력,중급,경제력,접사,02
로그인,중급,을 하다,명사,
로봇,중급,로봇 장난감,명사,
-료,중급,통화료,접사,02
-률,중급,출생률,접사,04
리듬,중급,에 맞추다,명사,
리모컨,중급,으로 켜다,명사,
리본,중급,으로 묶다,명사,
리터,중급,일 리터,의존명사,01
마구,중급,마구 때리다,부사,01
마냥,중급,마냥 기다리다,부사,02
마늘,중급,을 까다,명사,
마디,중급,가 굵다,명사,01
마땅하다,중급,상대가 ,형용사,
마땅히,중급,마땅히 해야 하다,부사,
마라톤,중급,을 완주하다,명사,
마련,중급,학비 마련,명사/의존명사,
마루,중급,에 앉다,명사,03
마무리,중급,를 짓다,명사,
마사지,중급,를 받다,명사,
마약,중급,에 중독되다,명사,
마우스,중급,를 누르다,명사,02
마음가짐,중급,을 가지다,명사,
마음껏,중급,마음껏 쓰다,부사,
마음대로,중급,마음대로 되다,부사,
마음먹다,중급,굳게 마음먹다,동사,
마음속,중급,으로 다짐하다,명사,
마음씨,중급,가 곱다,명사,
마이크,중급,를 잡다,명사,
마주,중급,마주 서다,부사,01
마주치다,중급,손바닥을,동사,
마찬가지,중급,예전과 마찬가지이다,명사,
마찰,중급,이 생기다,명사,
마치,중급,마치 천사 같다,부사,03
마침,중급,마침 잘 왔다,부사,02
마침내,중급,마침내 해내다 ,부사,
막,중급,막 출발하다,부사,01
막,중급,막 쓰다,부사,02
막내,중급,로 태어나다,명사,
막다,중급,귀를,동사,01
막대기,중급,로 치다,명사,01
막상,중급,막상 보니까,부사,01
막연하다,중급,앞날이,형용사,
막차,중급,를 타다,명사,01
만,중급,만 3주,명사/관형사,07
만남,중급,을 갖다,명사,
만만하다,중급,상대가,형용사,01
만원,중급,을 이루다,명사,01
만점,중급,을 받다,명사,
만족,중급,을 느끼다,명사,01
만족감,중급,이 들다,명사,
만족스럽다,중급,결과가,형용사,
만화책,중급,을 보다,명사,
많아지다,중급,나이가,동사,
말기,중급,임신 말기,명사,05
말끔히,중급,말끔히 닦다,부사,
말다,중급,신문을,동사,01
말다,중급,국에 밥을,동사,02
말다툼,중급,이 생기다,명사,
말리다,중급,싸움을,동사,02
말리다,중급,빨래를,동사,03
말없이,중급,말없이 사라지다,부사,
말투,중급,가 거칠다,명사,
말하기,중급,말하기 평가,명사,
맘,중급,이 좋다,명사,01
맘껏,중급,맘껏 놀다,부사,
맘대로,중급,맘대로 고르다,부사,
망가지다,중급,자전거가,동사,
망설이다,중급,잠시 망설이다,동사,
망치다,중급,일을,동사,
망하다,중급,나라가,동사,
맞다,중급,손님을,동사,02
맞다,중급,매를,동사,03
맞벌이,중급,맞벌이 부부,명사,
맞서다,중급,적과,동사,
맞은편,중급,에 앉다,명사,
맞이하다,중급,새해를,동사,
맞춤법,중급,에 맞다,명사,
맞히다,중급,정답을,동사,01
맡기다,중급,수리를,동사,
맡다,중급,업무를,동사,01
맡다,중급,냄새를,동사,02
매,중급,를 맞다,명사,01
매달다,중급,문에,동사,
매달리다,중급,철봉에 ,동사,
매력,중급,을 느끼다,명사,
매번,중급,매번 찾다,명사/부사,
매운맛,중급,이 나다,명사,
매운탕,중급,을 먹다,명사,
매장,중급,을 열다,명사,06
매점,중급,을 운영하다,명사,02
매진,중급,이 되다,명사,03
매체,중급,대중 매체,명사,
맨,중급,맨 꼭대기,관형사,01
맨발,중급,로 걷다,명사,
맺다,중급,빗방울이,동사,
머리칼,중급,을 자르다,명사,
머릿속,중급,에 남아 있다,명사,
머무르다,중급,호텔에서,동사,
머물다,중급,휴게소에,동사,
머뭇거리다,중급,말을,동사,
먹고살다,중급,겨우 먹고 살다,동사,
먹이,중급,를 주다,명사,
먹이다,중급,밥을,동사,
먹히다,중급,양이 늑대에게,동사,
먼지,중급,를 닦다,명사,01
멀미,중급,가 나다,명사,01
멀어지다,중급,친구와,동사,
멀쩡하다,중급,팔다리가,형용사,
멋대로,중급,멋대로 살다,부사,
멋지다,중급,경치가,형용사,
멍,중급,이 들다,명사,01
멍멍,중급,멍멍 짖다,부사,01
멎다,중급,비바람이,동사,01
메뉴판,중급,에서 고르다,명사,
메달,중급,을 따다,명사,02
메모지,중급,에 쓰다,명사,
메우다,중급,구멍을,동사,02
멜로디,중급,가 아름답다,명사,
며느리,중급,를 맞다,명사,
면,중급,벽의 면,명사,05
면담,중급,을 요청하다,명사,
면도,중급,를 하다,명사,
면적,중급,이 넓다,명사,
면접,중급,을 요구하다,명사,
면접관,중급,이 질문하다,명사,
면하다,중급,책임을,동사,01
면허,중급,를 따다,명사,01
면허증,중급,을 따다,명사,
멸치,중급,를 볶다,명사,
명,중급,작품명,명사,02
명단,중급,합격자 명단,명사,01
명령,중급,을 내리다,명사,01
명예,중급,를 지키다,명사,01
명함,중급,을 교환하다,명사,
명확하다,중급,근거가,형용사,
몇몇,중급,몇몇 사람,관형사/수사,
모,중급,김 모 씨,대명사/관형사,15
모금,중급,모금 운동,명사,02
모니터,중급,를 보다,명사,
모델,중급,을 개발하다,명사,
모래,중급,모래 사막,명사,01
모범,중급,이 되다,명사,02
모여들다,중급,구름처럼,동사,
모자,중급,가 닮다,명사,02
모집,중급,학생 모집,명사,
모처럼,중급,모처럼 웃다,부사,
모험,중급,을 즐기다,명사,
목,중급,목요일,명사,10
목구멍,중급,이 아프다,명사,
목록,중급,을 작성하다,명사,
목마르다,중급,덥고 목마르다,형용사,
목사,중급,가 설교하다,명사,05
목숨,중급,을 지키다 ,명사,
목적지,중급,에 도착하다,명사,
목표,중급,를 세우다,명사,
몫,중급,을 챙기다,명사,
몰다,중급,구석으로,동사,01
몰라보다,중급,몰라보게 변하다,동사,
몰래,중급,몰래 도망가다,부사,01
몰려들다,중급,사람들이,동사,
몰려오다,중급,피서객들이,동사,
몰리다,중급,구석으로,동사,01
몸매,중급,가 좋다,명사,
몸무게,중급,를 재다,명사,
몸살,중급,이 나다,명사,01
몸속,중급,몸속의 피,명사,
몸짓,중급,을 따라하다,명사,
몸통,중급,이 크다,명사,
몹시,중급,몹시 춥다,부사,
못,중급,을 박다,명사,01
못나다,중급,못난 얼굴,형용사,
못되다,중급,성격이,형용사,
못지않다,중급,전문가 못지 않다,형용사,
몽땅,중급,몽땅 쓰다,부사,01
묘사,중급,상황 묘사,명사,02
무-,중급,무감각,접사,11
무관심,중급,이 지나치다,명사,
무관하다,중급,사건과,형용사,03
무기,중급,를 소지하다,명사,05
무너지다,중급,건물이,동사,
무늬,중급,를 이루다,명사,
무대,중급,로 나가다,명사,06
무더위,중급,가 꺾이다,명사,
무덤,중급,을 파다,명사,
무덥다,중급,날씨가,형용사,
무려,중급,무려 20배이다,부사,02
무렵,중급,저녁 무렵,의존명사,
무리,중급,가 되다,명사,08
무사히,중급,무사히 돌아오다,부사,02
무서워하다,중급,사람을,동사,
무시,중급,를 당하다,명사,04
무역,중급,무역 회사,명사,02
무용,중급,을 배우다,명사,03
무의미,중급,유의미,명사,
무조건,중급,무조건 화를 내다,명사/부사,
무지개,중급,가 뜨다,명사,
무책임,중급,을 비난하다,명사,
묵다,중급,호텔에서,동사,02
묵묵히,중급,묵묵히 일하다,부사,
묶다,중급,끈을,동사,
묶이다,중급,끈이,동사,
-문,중급,기행문,접사,11
문구점,중급,에 가다,명사,
문득,중급,문득 떠오르다,부사,01
문명,중급,고대 문명,명사,03
문방구,중급,에 가다,명사,
문법,중급,을 배우다,명사,01
문병,중급,을 가다,명사,02
문서,중급,를 위조하다,명사,
문의,중급,문의 전화,명사,03
문자,중급,문자 메시지,명사,02
문장,중급,을 쓰다,명사,02
문제점,중급,을 해결하다,명사,
문학,중급,을 창작하다,명사,01
문화재,중급,를 보호하다,명사,
문화적,중급,문화적 차이,관형사·명사,
묻다,중급,때가,동사,01
묻다,중급,시체를,동사,02
묻히다,중급,손에 물을,동사,01
묻히다,중급,땅에,동사,02
-물,중급,농산물,접사,09
물가,중급,에 앉다,명사,01
물가,중급,가 비싸다,명사,02
물감,중급,으로 색칠하다,명사,02
물결,중급,이 잔잔하다,명사,
물기,중급,가 마르다,명사,
물다,중급,개가,동사,02
물들다,중급,단풍이,동사,
물러나다,중급,뒤로,동사,
물러서다,중급,뒤로,동사,
물리다,중급,개에,동사,02
물소리,중급,가 나다,명사,
물속,중급,에서 헤엄치다,명사,
물약,중급,을 마시다,명사,03
물음,중급,에 답하다,명사,01
물질,중급,을 추구하다,명사,02
물질적,중급,물질적 보상,관형사·명사,
뭉치다,중급,눈을,동사,
뭘,중급,"뭘, 당연히 와야지",감탄사,01
뮤지컬,중급,을 보다,명사,
미국인,중급,을 만나다,명사,
미끄럽다,중급,길이,형용사,
미니,중급,미니 자동차,명사,02
미디어,중급,영상 미디어,명사,
미련,중급,을 버리다,명사,02
미루다,중급,내일로,동사,
미만,중급,30세 미만,명사,01
미성년자,중급,미성년자 관람 불가,명사,
미소,중급,를 짓다,명사,05
미술,중급,을 배우다,명사,
미용사,중급,가 되다,명사,
미움,중급,이 쌓이다,명사,
미인,중급,미인 대회,명사,01
미장원,중급,에서 머리를 하다,명사,
미지근하다,중급,국물이,형용사,
미처,중급,미처 못하다,부사,
미치다,중급,정신이,동사,01
미치다,중급,영향을,동사,02
미팅,중급,을 하다,명사,
미혼,중급,으로 지내다,명사,01
민속놀이,중급,를 하다,명사,
민족,중급,단일 민족,명사,
민주주의,중급,를 실현하다,명사,
믿음,중급,이 생기다,명사,
밀리다,중급,차가,동사,01
밀리다,중급,사람들에게,동사,02
밀리미터,중급,10밀리미터,의존명사,
밉다,중급,태도가,형용사,
및,중급,설계 및 시공,부사,
밑바닥,중급,이 드러나다,명사,
밑줄,중급,을 치다,명사,
바,중급,느낀,의존명사,03
바가지,중급,에 담다,명사,01
바구니,중급,에 담다,명사,
바늘,중급,로 꿰매다,명사,
바닷물,중급,이 출렁이다,명사,
바둑,중급,을 두다,명사,
바람,중급,간절한 바람,명사,02
바람직하다,중급,자세가,형용사,
바래다주다,중급,집에,동사,
바로잡다,중급,위치를,동사,
바르다,중급,예의가,형용사,03
바보,중급,가 되다,명사,
바싹,중급,바싹 마르다,부사,01
바위,중급,에 걸터앉다,명사,01
바치다,중급,제물을,동사,01
바퀴,중급,가 돌다,명사/의존명사,01
바탕,중급,을 이루다,명사,01
박,중급,1박 2일,의존명사,10
박다,중급,못을,동사,01
박사,중급,박사 학위,명사,01
박스,중급,를 열다,명사,
박히다,중급,벽에 못이,동사,
반값,중급,에 팔다,명사,
반기다,중급,친구를,동사,
반납,중급,반납 날짜,명사,02
반달,중급,이 뜨다,명사,01
반대말,중급,을 공부하다,명사,
반대쪽,중급,으로 향하다,명사,
반말,중급,을 하다,명사,
반면,중급,반면에,명사,02
반발,중급,을 사다,명사,01
반복,중급,반복 연습,명사,01
반성,중급,자기 반성,명사,01
반영,중급,이 되다,명사,01
반응,중급,을 보이다,명사,
반장,중급,을 뽑다,명사,08
반죽,중급,을 만들다,명사,
반짝거리다,중급,보석이,동사,
반짝반짝,중급,반짝반짝 빛나다,부사,01
반짝이다,중급,눈빛이,동사,
반창고,중급,가 떨어지다,명사,
반팔,중급,을 입다,명사,
반품,중급,을 요구하다,명사,02
반하다,중급,첫눈에,동사,01
받아들이다,중급,기술을,동사,
받침,중급,냄비 받침,명사,
발걸음,중급,이 느리다,명사,
발견,중급,새로운 발견,명사,01
발급,중급,카드 발급,명사,
발길,중급,을 돌리다,명사,
발꿈치,중급,를 들다,명사,
발끝,중급,으로 서다,명사,
발달,중급,이 빠르다,명사,
발등,중급,을 다치다,명사,
발명,중급,문자의 발명,명사,01
발목,중급,을 다치다,명사,01
발생,중급,사건 발생,명사,
발음,중급,이 좋다,명사,01
발자국,중급,을 남기다,명사,
발전,중급,경제 발전,명사,01
발톱,중급,을 깎다,명사,
발표,중급,를 듣다,명사,01
발표회,중급,음악 발표회,명사,
발행,중급,잡지 발행,명사,01
밝혀내다,중급,원인을,동사,
밝혀지다,중급,빛으로,동사,
밝히다,중급,전등을,동사,
밟다,중급,브레이크를,동사,
밟히다,중급,잔디가,동사,
밤,중급,을 따다,명사,02
밤낮,중급,으로 일하다,명사/부사,
밤늦다,중급,밤늦게 귀가하다,형용사,
밤새,중급,밤새 일하다,명사,02
밤새다,중급,밤새도록 일하다,동사,
밤새우다,중급,밤새워 일하다,동사,
밤색,중급,밤색 머리카락,명사,
밤중,중급,에 다니다,명사,
밥그릇,중급,을 비우다,명사,
밥맛,중급,이 좋다,명사,
밥솥,중급,에 밥을 하다,명사,
방면,중급,서울 방면,명사,01
방바닥,중급,에 눕다,명사,
방송사,중급,에 근무하다,명사,
방식,중급,생활 방식,명사,01
방안,중급,해결 방안,명사,01
방울,중급,이 맺히다,명사,01
방지,중급,사고 방지,명사,04
방해,중급,를 받다,명사,01
배경,중급,이 좋다,명사,01
배고프다,중급,배고프고 목마르다,형용사,
배구,중급,배구 선수,명사,05
배꼽,중급,을 잡다,명사,
배낭,중급,을 메다,명사,01
배낭여행,중급,을 떠나다,명사,
배다,중급,냄새가,동사,01
배려,중급,세심한 배려,명사,02
배부르다,중급,배부르게 먹다,형용사,
배송,중급,이 빠르다,명사,04
배우자,중급,를 만나다,명사,02
배웅,중급,을 나가다,명사,
배치,중급,자리 배치,명사,03
배터리,중급,를 충전하다,명사,01
배편,중급,으로 보내다,명사,
백,중급,에 넣다,명사,08
뱃속,중급,을 모르다,명사,
뱉다,중급,침을,동사,
버섯,중급,을 재배하다,명사,02
버터,중급,를 바르다,명사,
버튼,중급,을 누르다,명사,
버티다,중급,오기로,동사,
번갈다,중급,번갈아 입다,동사,
번개,중급,를 맞다,명사,01
번거롭다,중급,절차가,형용사,
번역,중급,을 하다,명사,
번지,중급,주소,명사,03
번호표,중급,를 받다,명사,
번화하다,중급,거리가,형용사,
벌,중급,에 쏘이다,명사,03
벌,중급,을 받다,명사,06
벌금,중급,을 부과하다,명사,
벌떡,중급,벌떡 일어나다,부사,
벌레,중급,를 잡다,명사,01
벌리다,중급,간격을,동사,01
벌어지다,중급,틈이,동사,01
벌어지다,중급,소동이,동사,02
벌이다,중급,사업을,동사,
범위,중급,가 넓다,명사,
범인,중급,을 체포하다,명사,02
범죄,중급,를 저지르다,명사,
법,중급,을 지키다,명사/의존명사,01
-법,중급,교수법,접사,03
법률,중급,을 위반하다,명사,
법원,중급,에 가다,명사,01
법적,중급,조치,관형사·명사,01
법칙,중급,을 지키다,명사,
벗기다,중급,옷을,동사,02
벗어나다,중급,시내를,동사,
베개,중급,를 베다,명사,
베란다,중급,로 나가다,명사,
베풀다,중급,연회를,동사,
벤치,중급,에 앉다,명사,
벨,중급,을 누르다,명사,02
벨트,중급,를 매다,명사,
벼,중급,를 베다,명사,01
벽시계,중급,를 걸다,명사,
벽지,중급,를 바르다,명사,02
변경,중급,계획 변경,명사,04
변덕스럽다,중급,성격이,형용사,
변동,중급,이 심하다,명사,
변명,중급,을 늘어놓다,명사,01
변비,중급,가 심하다,명사,01
변화,중급,를 겪다,명사,
별,중급,별 볼 일,관형사,02
-별,중급,학년별,접사,04
별다르다,중급,별다른 방법,형용사,
별도,중급,로 마련하다,명사,01
별말씀,중급,이 없으시다,명사,
별명,중급,을 짓다,명사,01
별일,중급,별일 없다,명사,
병들다,중급,늙고 병들다,동사,
병실,중급,에 문병을 가다,명사,02
보고,중급,를 받다,명사,03
보고서,중급,를 작성하다,명사,
보관,중급,냉장 보관,명사,01
보급,중급,기술 보급,명사,01
보기,중급,를 보이다,명사,01
보너스,중급,를 받다,명사,
보도,중급,신문 보도,명사,04
보람,중급,을 느끼다,명사,
보름,중급,정월 보름,명사,01
보름달,중급,이 뜨다,명사,
보리,중급,를 재배하다,명사,01
보리차,중급,를 마시다,명사,
보물,중급,을 찾다,명사,04
보살피다,중급,아이들을,동사,
보상,중급,을 받다,명사,01
보석,중급,이 반짝이다,명사,04
보수,중급,를 받다,명사,09
보안,중급,을 유지하다,명사,01
보완,중급,문제점 보완,명사,
보장,중급,을 받다,명사,01
보전,중급,생태계 보전,명사,03
보조,중급,를 받다,명사,02
보존,중급,보존 상태,명사,
보충,중급,보충 수업,명사,
보행자,중급,보행자 도로,명사,
보험,중급,에 가입하다,명사,
보호,중급,를 받다,명사,01
복,중급,을 받다,명사,12
복도,중급,로 나가다,명사,04
복사,중급,문서 복사,명사,09
복사기,중급,로 문서를 복사하다,명사,02
복수,중급,를 다짐하다,명사,03
복숭아,중급,를 먹다,명사,
복용,중급,약물 복용,명사,01
복통,중급,으로 입원하다,명사,
볶음,중급,볶음 멸치,명사,
본능,중급,에 따르다,명사,
본래,중급,부터 다르다,명사/부사,
본부,중급,에서 일하다,명사,03
본인,중급,본인 명의,명사/대명사,
본질,중급,을 파악하다,명사,02
볼,중급,이 통통하다,명사,01
볼거리,중급,가 많다,명사,01
볼링,중급,을 치다,명사,
볼일,중급,이 생기다,명사,
봉사,중급,봉사 활동,명사,03
봉지,중급,에 넣다,명사,06
뵈다,중급,어른을,동사,02
부,중급,각 부의 책임자,명사/의존명사,15
부,중급,를 누리다,명사,17
부-,중급,부정확,접사,20
부근,중급,학교 부근,명사,03
부끄러움,중급,을 타다,명사,
부끄러워하다,중급,아이가,동사,
부담,중급,을 하다,명사,01
부담스럽다,중급,호의가,형용사,
부대,중급,육군 부대,명사,08
부동산,중급,에 투자하다,명사,
부딪치다,중급,손바닥을,동사,
부딪히다,중급,차에,동사,
부러워하다,중급,성공을,동사,
부러지다,중급,뼈가,동사,
부리다,중급,멋을,동사,02
부모,중급,를 공경하다,명사,01
부문,중급,경제 부문,명사,06
부분적,중급,부분적 차이,관형사·명사,
부상,중급,을 당하다,명사,05
부서,중급,를 옮기다,명사,12
부서지다,중급,문이,동사,
부수다,중급,유리창을,동사,
부위,중급,상처 부위,명사,04
부인,중급,중년 부인,명사,04
부자,중급,가 닮다,명사,03
부작용,중급,이 생기다,명사,
부잣집,중급,으리으리한 부잣집,명사,
부정,중급,을 저지르다,명사,02
부정,중급,긍정,명사,10
부정적,중급,부정적 태도,관형사·명사,
부정확,중급,발음의 부정확,명사,
부족,중급,을 지배하다,명사,05
부주의,중급,운전 부주의,명사,
부지런히,중급,부지런히 일하다,부사,
부채,중급,를 부치다,명사,01
부처,중급,를 따르다,명사,01
부츠,중급,를 신다,명사,
부친,중급,모친,명사,
부품,중급,을 생산하다,명사,
북,중급,으로 향하다,명사,06
북미,중급,북미 지역,명사,
북부,중급,북부 지방,명사,01
분노,중급,가 폭발하다,명사,
분단,중급,국토 분단,명사,03
분량,중급,을 조절하다,명사,
분류,중급,분류 기준,명사,03
분리,중급,쓰레기 분리 수거,명사,04
분명,중급,분명 맞다,부사,01
분명히,중급,분명히 들리다,부사,
분석,중급,원인 분석,명사,02
분수,중급,를 모르다,명사,05
분수,중급,를 내뿜다,명사,11
분실,중급,분실 사고,명사,02
분실물,중급,을 찾다,명사,
분야,중급,경제 분야,명사,
분포,중급,인구의 분포,명사,02
분필,중급,로 쓰다,명사,03
불-,중급,불가능,접사,15
불가,중급,청소년 입장 불가,명사,01
불가능,중급,이 없다,명사,
불가피하다,중급,선택이,형용사,
불교,중급,를 믿다,명사,
불구하다,중급,그럼에도 불구하고,동사,02
불규칙,중급,규칙,명사,
불균형,중급,이 심해지다,명사,
불꽃,중급,이 일어나다,명사,01
불러일으키다,중급,관심을,동사,
불리,중급,유리,명사,01
불리다,중급,물에,동사,07
불만,중급,을 품다,명사,
불만족,중급,을 나타내다,명사,
불만족스럽다,중급,표정이,형용사,
불법,중급,불법 주차,명사,01
불빛,중급,이 비치다,명사,
불어,중급,로 말하다,명사,03
불어오다,중급,바람이,동사,
불완전,중급,완전,명사,
불이익,중급,을 당하다,명사,
불충분,중급,충분,명사,
불친절,중급,친절,명사,
불쾌,중급,를 느끼다,명사,
불평,중급,을 늘어놓다,명사,01
불평등,중급,을 낳다,명사,
불필요,중급,필요,명사,
불행,중급,을 느끼다,명사,
불확실,중급,확실,명사,
붐비다,중급,사람들로,동사,
붓다,중급,얼굴이,동사,01
붓다,중급,물을,동사,02
붙들다,중급,팔을,동사,
붙잡다,중급,치맛자락을,동사,
붙잡히다,중급,범인이,동사,
뷔페,중급,에서 밥을 먹다,명사,
비-,중급,비공식,접사,32
-비,중급,휴가비,접사,33
비결,중급,을 공개하다,명사,03
비교적,중급,비교적 가깝다,부사/관형사·명사,
비극,중급,이 일어나다,명사,
비기다,중급,동점으로,동사,01
비난,중급,을 받다,명사,
비닐,중급,로 싸다,명사,
비로소,중급,비로소 깨닫다,부사,
비록,중급,비록 가난하지만,부사,01
비롯되다,중급,경험에서,동사,
비롯하다,중급,비롯한 일,동사,
비만,중급,을 치료하다,명사,01
비명,중급,을 지르다,명사,02
비밀번호,중급,를 누르다,명사,
비바람,중급,이 치다,명사,
비법,중급,을 알려 주다,명사,02
비비다,중급,눈을,동사,
비상,중급,비상 대책,명사,01
비상구,중급,로 대피하다,명사,
비용,중급,이 들다,명사,03
비우다,중급,그릇을,동사,01
비웃다,중급,남의 의견을,동사,
비유,중급,를 들다,명사,01
비율,중급,이 낮다,명사,02
비자,중급,를 신청하다,명사,08
비중,중급,이 높다,명사,01
비추다,중급,달빛이,동사,
비치다,중급,햇빛이,동사,01
비키다,중급,자리를,동사,
비타민,중급,을 섭취하다,명사,
비틀거리다,중급,비틀거리며 걷다,동사,
비판,중급,을 가하다,명사,01
비판적,중급,비판적 사고,관형사·명사,
비하다,중급,비할 수 없다,동사,
비행,중급,야간 비행,명사,03
비행장,중급,에 착륙하다,명사,
빈자리,중급,에 앉다,명사,
빌다,중급,소원을,동사,01
빗,중급,으로 빗다,명사,01
빗길,중급,에 미끄러지다,명사,
빗다,중급,머리를,동사,02
빗물,중급,이 흐르다,명사,
빗방울,중급,이 떨어지다,명사,
빚,중급,을 갚다,명사,
빚다,중급,도자기를,동사,
빛,중급,이 나다,명사,
빛깔,중급,이 곱다,명사,
빛나다,중급,별빛이,동사,
빠뜨리다,중급,바다에,동사,
빠져나가다,중급,감옥에서,동사,
빠져나오다,중급,몰래 빠져나오다,동사,
빠지다,중급,앞니가,동사,01
빠짐없이,중급,빠짐없이 참석하다,부사,
빠트리다,중급,물에,동사,
빨강,중급,으로 칠하다,명사,
빨개지다,중급,얼굴이,동사,
빨다,중급,빨대로,동사,01
빼놓다,중급,전구를,동사,
빼앗기다,중급,재산을,동사,
빼앗다,중급,돈을,동사,
뺏다,중급,돈을,동사,
뺨,중급,을 때리다,명사,
뻗다,중급,가지가,동사,
뼈,중급,가 굵다,명사,
뽀뽀,중급,를 하다,명사,
뽑히다,중급,머리카락이,동사,
뿌리,중급,를 자르다,명사,
뿌리다,중급,빗방울이,동사,
뿌리치다,중급,손을,동사,
삐다,중급,발목을,동사,02
-사,중급,변호사,접사,37
-사,중급,신문사,접사,41
-사,중급,요리사,접사,42
사건,중급,이 발생하다,명사,01
사고방식,중급,이 다르다,명사,
사과,중급,를 하다,명사,08
사교적,중급,사교적 성격,관형사·명사,
사기,중급,를 치다,명사,25
사나이,중급,씩씩한 사나이,명사,
사내,중급,사내 녀석,명사,01
사냥,중급,을 하다,명사,
사들이다,중급,토지를,동사,
사라지다,중급,회사가,동사,
사랑스럽다,중급,아이가,형용사,
사례,중급,를 들다,명사,05
사로잡다,중급,마음을,동사,
사립,중급,사립 학교,명사,04
사막,중급,사막 지역,명사,04
사망,중급,사망 소식,명사,04
사무,중급,를 보다,명사,05
사무소,중급,를 열다,명사,
사무직,중급,에 종사하다,명사,
사물,중급,을 보다,명사,10
사방,중급,을 둘러보다,명사,03
사상,중급,사상 최초,명사,01
사생활,중급,을 간섭하다,명사,
사설,중급,을 읽다,명사,04
사소하다,중급,문제가,형용사,01
사업가,중급,로 성공하다,명사,
사업자,중급,사업자 등록,명사,
사연,중급,이 복잡하다,명사,04
사용료,중급,휴대폰 사용료,명사,
사용법,중급,을 설명하다,명사,
사용자,중급,를 모집하다,명사,
사우나,중급,를 하다,명사,
사위,중급,를 보다,명사,01
사이버,중급,사이버 공간,명사,
사이좋다,중급,사이좋게 지내다,형용사,
사이트,중급,에 접속하다,명사,
사인,중급,을 하다,동사,14
사자,중급,동물,명사,11
사적,중급,사적 생활,관형사·명사,02
사전,중급,을 찾다,명사,12
사전,중급,사전 준비,명사,13
사정,중급,이 좋다,명사,07
사진관,중급,에서 사진을 찍다,명사,
사진첩,중급,에 사진을 끼우다,명사,
사촌,중급,사촌 언니,명사,
사춘기,중급,를 맞다,명사,
사태,중급,를 해결하다,명사,06
사투리,중급,로 말하다,명사,
사표,중급,를 내다,명사,07
사항,중급,주의 사항,명사,02
사회,중급,상류 사회,명사,07
사회생활,중급,에 적응하다,명사,
사회자,중급,가 진행하다,명사,
사회적,중급,사회적 문제,관형사·명사,
삭제,중급,파일 삭제,명사,01
산길,중급,을 오르다,명사,02
산꼭대기,중급,에 오르다,명사,
산불,중급,이 나다,명사,02
산속,중급,을 헤매다,명사,
산업,중급,자동차 산업,명사,
살리다,중급,목숨을,동사,
살림,중급,을 차리다,명사,01
살아가다,중급,하루하루 살아가다,동사,
살아나다,중급,겨우 살아나다,동사,
살아남다,중급,전쟁에서,동사,
살아오다,중급,간신히 살아오다,동사,
살인,중급,을 저지르다,명사,
살짝,중급,살짝 빠져나가다,부사,01
살찌다,중급,몸이,동사,
살펴보다,중급,주위를,동사,
살피다,중급,주위를,동사,01
삶,중급,을 누리다,명사,
삶다,중급,국수를,동사,
삼다,중급,며느리로,동사,02
삼키다,중급,침을,동사,
상,중급,으로 매기다,명사,02
상,중급,을 차리다,명사,04
상가,중급,에서 사다,명사,07
상관,중급,이 없다,명사,03
상관없다,중급,상관없는 문제,형용사,
상관없이,중급,나이에 상관없이,부사,
상금,중급,을 받다,명사,04
상담,중급,을 받다,명사,01
상담실,중급,고객 상담실,명사,
상담원,중급,으로 일하다,명사,
상당하다,중급,실력이,형용사,02
상당히,중급,상당히 잘하다,부사,
상대,중급,를 대하다,명사,04
상대방,중급,을 바라보다,명사,02
상대적,중급,상대적 평가,관형사·명사,
상대편,중급,을 이해하다,명사,
상류,중급,에서 떠내려오다,명사,
상반기,중급,상반기 소득,명사,
상사,중급,직장 상사,명사,05
상상,중급,을 뛰어넘다,명사,07
상상력,중급,이 풍부하다,명사,01
상승,중급,물가 상승,명사,01
상식,중급,에 어긋나다,명사,06
상업,중급,에 종사하다,명사,02
상영,중급,영화 상영,명사,01
상점,중급,을 운영하다,명사,
상징,중급,이 되다,명사,
상쾌하다,중급,마음이,형용사,
상태,중급,를 점검하다,명사,01
상하,중급,를 바꾸다,명사,01
상하다,중급,음식이,동사,02
상황,중급,이 불리하다,명사,02
새,중급,하루 새,명사,01
새기다,중급,도장을,동사,01
새끼,중급,를 낳다,명사,02
새다,중급,비가,동사,01
새다,중급,날이,동사,02
새로이,중급,새로이 시작하다,부사,
새삼,중급,새삼 느끼다,부사,01
새엄마,중급,를 맞이하다,명사,
새우,중급,를 먹다,명사,02
새우다,중급,밤을,동사,01
새집,중급,으로 이사하다,명사,01
색다르다,중급,기분이,형용사,
샌들,중급,을 신다,명사,
-생,중급,1985년생,접사,07
-생,중급,실습생,접사,08
생겨나다,중급,문제가,동사,
생기,중급,가 넘치다,명사,01
생김새,중급,가 예쁘다,명사,
생년월일,중급,을 기록하다,명사,
생략,중급,을 하다,명사,
생머리,중급,를 빗다,명사,02
생명,중급,을 건지다,명사,
생방송,중급,으로 방영되다,명사,
생산,중급,대량 생산,명사,
생생하다,중급,기억이,형용사,
생존,중급,을 위협하다,명사,
생활비,중급,를 벌다,명사,
생활용품,중급,을 구입하다,명사,
샴푸,중급,로 머리를 감다,명사,
서,중급,로 이동하다,명사,06
서넛,중급,서넛이랑,수사,
서늘하다,중급,밤공기가,형용사,
서럽다,중급,마음이,형용사,
서명,중급,을 받다,명사,03
서부,중급,서부 지역,명사,01
서서히,중급,서서히 나타나다,부사,
서양인,중급,동양인,명사,
서운하다,중급,마음이,형용사,
서적,중급,을 읽다,명사,02
서투르다,중급,영어가,형용사,
서툴다,중급,영어가,형용사,
석유,중급,석유 산업,명사,01
섞이다,중급,냄새가,동사,
선,중급,을 긋다,명사,14
선거,중급,대통령 선거,명사,04
선글라스,중급,를 끼다,명사,
선약,중급,이 있다,명사,02
선전,중급,을 보다,명사,03
선정,중급,수상자 선정,명사,07
선진,중급,선진 국가,명사,03
선진국,중급,으로 성장하다,명사,
선호,중급,선호 직업,명사,03
설,중급,을 맞이하다,명사,01
설득,중급,을 당하다,명사,
설레다,중급,가슴이,동사,
설립,중급,회사 설립,명사,02
설마,중급,설마 진심은 아니지?,부사,01
설명서,중급,를 읽다,명사,
설문,중급,에 답하다,명사,01
설문지,중급,를 작성하다,명사,
설사,중급,가 멈추다,명사,01
설정,중급,상황 설정,명사,02
설치,중급,인터넷 설치,명사,02
섭씨,중급,섭씨 영 도,명사,
-성,중급,인간성,접사,17
성공적,중급,성공적 삶,관형사·명사,
성과,중급,를 올리다,명사,01
성당,중급,에 다니다,명사,03
성립,중급,성립 조건,동사,
성명,중급,을 부르다,명사,03
성별,중급,을 구분하다,명사,01
성숙,중급,이 늦다,명사,
성실,중급,불성실,명사,02
성인,중급,성인 여성,명사,01
성장,중급,이 멈추다,명사,01
성적표,중급,를 받다,명사,
성질,중급,이 못되다,명사,
세계적,중급,세계적 예술가,관형사·명사,
세계화,중급,세계화 시대,명사,
세금,중급,을 내다,명사,01
세기,중급,21세기,명사,03
세다,중급,수를,동사,02
세대,중급,가 다르다,명사,02
세대,중급,가 줄다,명사,03
세력,중급,을 확장하다,명사,
세련되다,중급,옷차림이,형용사,
세로,중급,가로,명사,01
세모,중급,를 만들다,명사,01
세미나,중급,를 열다,명사,
세월,중급,이 흐르다,명사,02
세일,중급,세일 가격,명사,
세제,중급,로 닦아내다,명사,04
세차,중급,자동 세차,명사,01
세탁물,중급,을 맡기다,명사,
세트,중급,로 구입하다,명사,
센티,중급,1센티,의존명사,
셔츠,중급,를 입다,명사,
소-,중급,소규모,접사,22
-소,중급,연구소,접사,23
소감,중급,을 말하다,명사,02
소개팅,중급,에서 만나다,명사,
소규모,중급,소규모 집단,명사,
소극장,중급,에서 공연하다,명사,
소극적,중급,소극적 성격,관형사,
소금물,중급,에 절이다,명사,
소나기,중급,가 내리다,명사,01
소나무,중급,가 무성하다,명사,
소녀,중급,어린 소녀,명사,02
소년,중급,소년 시절,명사,01
소독,중급,상처 소독,명사,04
소독약,중급,을 바르다,명사,
소득,중급,이 많다,명사,
소리치다,중급,크게 소리치다,동사,
소망,중급,을 이루다,명사,03
소매,중급,가 길다,명사,01
소문,중급,이 돌다,명사,02
소문나다,중급,사업가로,동사,
소방관,중급,이 출동하다,명사,
소방서,중급,에 신고하다,명사,
소방차,중급,가 출동하다,명사,
소변,중급,이 마렵다,명사,01
소비,중급,가 늘다,명사,05
소비자,중급,소비자 물가,명사,
소설가,중급,로 알려지다,명사,
소설책,중급,을 읽다,명사,
소수,중급,에 불과하다,명사,08
소스,중급,를 뿌리다,명사,01
소시지,중급,를 먹다,명사,
소아과,중급,에서 진찰 받다,명사,
소요,중급,소요 시간,명사,02
소용,중급,이 없다,명사,07
소용없다,중급,아무 소용없다,형용사,
소원,중급,을 빌다,명사,04
소유,중급,개인 소유,명사,03
소음,중급,을 줄이다,명사,06
소재,중급,소재로 삼다,명사,05
소중히,중급,소중히 여기다,부사,
소지품,중급,을 보관하다,명사,
소형,중급,소형 자동차,명사,03
소홀하다,중급,일에,형용사,
소화,중급,를 돕다,명사,06
속눈썹,중급,이 길다,명사,
속다,중급,거짓말에,동사,01
속담,중급,을 인용하다,명사,
속마음,중급,을 털어 놓다,명사,
속상하다,중급,마음이,형용사,02
속이다,중급,친구를,동사,
속하다,중급,모임에,동사,02
손가방,중급,을 들다,명사,
손길,중급,을 내밀다,명사,
손끝,중급,에 닿다,명사,
손등,중급,으로 닦다,명사,01
손목,중급,에 시계를 차다,명사,
손목시계,중급,를 차다,명사,
손발,중급,이 저리다,명사,
손뼉,중급,을 치다,명사,
손쉽다,중급,손쉽게 끝내다,형용사,
손자,중급,를 돌보다,명사,01
손잡다,중급,서로 손잡다,동사,
손잡이,중급,를 잡다,명사,
손질,중급,머리 손질,명사,
손톱,중급,을 깎다,명사,01
손해,중급,를 입히다,명사,
솔직하다,중급,성격이,형용사,
솔직히,중급,솔직히 말하다,부사,
솜씨,중급,가 좋다,명사,
솟다,중급,물가가,동사,01
송별회,중급,를 열다,명사,
송아지,중급,를 키우다,명사,
송이,중급,가 맺히다,명사,01
쇠,중급,가 녹슬다,명사,01
쇠고기,중급,를 굽다,명사,
쇼,중급,를 보다,명사,02
쇼핑몰,중급,을 운영하다,명사,
쇼핑센터,중급,에서 사다,명사,
수,중급,수요일,명사,07
수년,중급,이 흐르다,명사,02
수다,중급,를 떨다,명사,01
수단,중급,이 좋다,명사,01
수도,중급,수도를 놓다,명사,05
수도,중급,를 정하다,명사,09
수도권,중급,에 거주하다,명사,
수도꼭지,중급,를 잠그다,명사,
수돗물,중급,을 마시다,명사,
수동적,중급,수동적 자세,관형사·명사,02
수량,중급,이 모자라다,명사,05
수리,중급,를 맡기다,명사,14
수리비,중급,를 내다,명사,
수만,중급,수만 원,수사·관형사,
수많다,중급,수많은 사람,형용사,
수면,중급,을 방해하다,명사,07
수면제,중급,를 먹다,명사,
수명,중급,이 길다,명사,05
수백,중급,수백 마리,수사·관형사,04
수사,중급,경찰 수가,명사,18
수상,중급,으로 뽑히다,명사,09
수선,중급,을 맡기다,명사,13
수속,중급,을 밟다,명사,01
수수께끼,중급,를 풀다,명사,
수수료,중급,를 내다,명사,
수시로,중급,수시로 열다,부사,
수십,중급,수십 개,수사·관형사,
수없이,중급,수없이 많다,부사,
수요,중급,가 늘다,명사,06
수용,중급,조건 수용,명사,06
수입,중급,이 많다,명사,01
수입,중급,수출,명사,02
수입품,중급,수출품,명사,02
수정,중급,계획 수정,명사,09
수준,중급,이 높다,명사,
수집,중급,우표 수집,명사,02
수천,중급,수천 명,수사·관형사,07
수출,중급,수입,명사,03
수표,중급,를 발행하다,명사,01
수학,중급,을 가르치다,명사,05
수행,중급,업무 수행,명사,02
숙녀,중급,로 자라다,명사,
숙박,중급,숙박 시설,명사,
숙박비,중급,를 지불하다,명사,
숙소,중급,에 머물다,명사,02
숙이다,중급,고개를,동사,
순간,중급,순간 놀라다,명사,03
순간적,중급,순간적 느낌,관형사·명사,
순수하다,중급,마음이,형용사,02
순식간,중급,순식간에 사라지다,명사,
순위,중급,를 정하다,명사,
순진하다,중급,어린아이처럼,형용사,01
순하다,중급,사람이,형용사,02
술병,중급,을 비우다,명사,02
술자리,중급,에 모이다,명사,
술잔,중급,을 돌리다,명사,
숨,중급,을 쉬다,명사,01
숨기다,중급,물건을,동사,
숨다,중급,산 속으로,동사,01
숨소리,중급,가 고르다,명사,
숨지다,중급,사고로,동사,
숲,중급,이 우거지다,명사,01
쉬다,중급,목이,동사,02
쉿,중급,쉿! 조용히 해 봐,감탄사,
슈퍼,중급,에서 사다,명사,
스님,중급,을 모시다,명사,
-스럽다,중급,자랑스럽다,접사,
스무째,중급,스무째 날,수사·관형사/명사,
스위치,중급,를 켜다,명사,
스치다,중급,옷깃이,동사,01
스커트,중급,를 입다,명사,
스케줄,중급,을 짜다,명사,
스타일,중급,머리의,명사,
스타킹,중급,을 신다,명사,
스튜디오,중급,녹음 스튜디오,명사,
슬리퍼,중급,를 신다,명사,
슬쩍,중급,슬쩍 묻다,부사,
습기,중급,를 제거하다,명사,02
습도,중급,가 높다,명사,
습하다,중급,공기가,형용사,01
승객,중급,을 태우다,명사,
승낙,중급,을 받다,명사,
승리,중급,를 얻다,명사,
승무원,중급,비행기 승무원,명사,
승용차,중급,를 운전하다,명사,
승진,중급,승진 시험,명사,03
승차,중급,승차 거부,명사,02
승차권,중급,을 끊다,명사,
승패,중급,를 가르다,명사,02
시,중급,를 읽다,명사,13
시각,중급,일출 시각,명사,03
시각,중급,여성의 시각,명사,04
시금치,중급,를 무치다,명사,
시기,중급,등록 시기,명사,04
시내버스,중급,를 타다,명사,
시달리다,중급,업무에,동사,
시대,중급,조선 시대,명사,02
시댁,중급,에 가다,명사,
시도,중급,가 성공하다,명사,07
시들다,중급,꽃이,동사,
시디,중급,를 굽다,명사,01
시력,중급,이 좋다,명사,01
시리즈,중급,로 방영되다,명사,
시멘트,중급,가 굳다,명사,
시부모,중급,에게 효도하다,명사,
시선,중급,이 마주치다,명사,03
시설,중급,에 투자하다,명사,03
시스템,중급,을 개선하다,명사,
시아버지,중급,를 모시다,명사,
시야,중급,를 가리다,명사,03
시외,중급,로 나가다,명사,01
시외버스,중급,를 타다,명사,
시인,중급,여류 시인,명사,10
시일,중급,이 걸리다,명사,04
시장,중급,을 뽑다,명사,03
시절,중급,어린 시절,명사,01
시점,중급,에 이르다,명사,02
시중,중급,시중 가격,명사,03
시집,중급,시집 식구,명사,01
시집,중급,을 읽다,명사,03
시집가다,중급,부잣집에,동사,
시청,중급,텔레비전 시청,명사,03
시청률,중급,이 높다,명사,
시청자,중급,에게 전달하다,명사,
시합,중급,에서 이기다,명사,01
시행,중급,시행 예정,명사,01
시험지,중급,를 채점하다,명사,
식기,중급,를 씻다,명사,01
식당가,중급,에서 먹다,명사,
식량,중급,을 구하다,명사,03
식료품,중급,을 사다,명사,
식물,중급,을 기르다,명사,02
식비,중급,를 내다,명사,02
식사량,중급,을 줄이다,명사,
식욕,중급,이 떨어지다,명사,
식용유,중급,에 튀기다,명사,
식중독,중급,에 걸리다,명사,
식품점,중급,에서 사다,명사,
식후,중급,식후 30분,명사,02
식히다,중급,차를,동사,
신,중급,을 신다,명사,01
신,중급,이 나다,명사,02
신-,중급,신세계,접사,15
신경,중급,을 다치다,명사,04
신고,중급,분실물 신고,명사,01
신기하다,중급,마술이,형용사,01
신나다,중급,나들이에 ,동사,
신념,중급,을 지키다,명사,01
신뢰,중급,를 잃다,명사,02
신맛,중급,이 나다,명사,
신문사,중급,에 다니다,명사,
신문지,중급,에 싸다,명사,
신부,중급,가톨릭,명사,04
신분,중급,에 맞다,명사,02
신비,중급,우주의,명사,02
신사,중급,숙녀,명사,16
신상품,중급,을 내놓다,명사,
신세,중급,를 망치다,명사,02
신세대,중급,신세대 문화,명사,
신앙,중급,이 깊다,명사,
신용,중급,을 잃다,명사,01
신입,중급,신입 사원,명사,03
신입생,중급,을 모집하다,명사,
신제품,중급,이 나오다,명사,
신중,중급,을 기하다,명사,04
신청서,중급,를 접수하다,명사,
신체,중급,가 튼튼하다,명사,02
신체적,중급,신체적 기능,관형사·명사,
신혼,중급,신혼 생활,명사,04
신혼부부,중급,예비 신혼부부,명사,
신화,중급,단군 신화,명사,04
실,중급,로 묶다,명사,01
실감,중급,이 나다,명사,
실내,중급,로 들어가다,명사,
실력,중급,이 뛰어나다,명사,02
실례,중급,를 들다,명사,02
실리다,중급,배에,동사,01
실망,중급,이 크다,명사,02
실습,중급,을 나가다,명사,
실시,중급,훈련 실시,명사,03
실업,중급,실업 위기,명사,01
실용적,중급,실용적 기술,관형사·명사,
실은,중급,실은 그렇지 않다,부사,
실장,중급,으로 승진하다,명사,
실제,중급,실제 일어나다,부사/명사,02
실제로,중급,실제로 일어나다,부사,
실종,중급,실종 사건,명사,
실천,중급,에 옮기다,명사,01
실체,중급,를 보다,명사,02
실컷,중급,실컷 놀다,부사,
실험,중급,을 하다,명사,
실현,중급,꿈의 실현,명사,
싫증,중급,이 나다,명사,
-심,중급,배려심,접사,09
심각하다,중급,문제가,형용사,02
심리,중급,를 나타내다,명사,01
심리적,중급,심리적 변화,관형사·명사,
심부름,중급,을 보내다,명사,
심사,중급,를 받다,명사,08
심장,중급,이 뛰다,명사,02
심정,중급,이 답답하다,명사,01
심지어,중급,심지어 ~까지도,부사,
심판,중급,법의 심판,명사,02
십상,중급,십상 알맞다,명사/부사,02
싱싱하다,중급,야채가,형용사,
싸구려,중급,싸구려 화장품,명사,
싸다,중급,오줌을,동사,02
싸움,중급,이 나다,명사,
싸이다,중급,보자기에,동사,01
싼값,중급,에 팔다,명사,
쌍,중급,쌍으로 묶다,명사,02
쌍둥이,중급,를 키우다,명사,
쌓이다,중급,책들이,동사,
썩,중급,썩 잘한다,부사,01
썩다,중급,고기가,동사,
썰렁하다,중급,날씨가,형용사,
쏘다,중급,총을,동사,01
쏟다,중급,기름을,동사,
쏟아지다,중급,물이,동사,
쐬다,중급,바람을,동사,01
쑤시다,중급,몸이,동사,01
쑥스럽다,중급,표정이,형용사,
쓰기,중급,쓰기 평가,명사,
쓰다듬다,중급,머리를,동사,
쓰러지다,중급,나무가,동사,
쓰이다,중급,칠판에,동사,01
쓰이다,중급,저울이,동사,03
쓴맛,중급,이 나다,명사,
쓸다,중급,낙엽을,동사,02
쓸데없다,중급,물건이,형용사,
쓸데없이,중급,쓸데없이 돈을 쓰다,부사,
쓸쓸하다,중급,마음이,형용사,
씌우다,중급,모자를,동사,01
씨,중급,를 뿌리다,명사,01
씨름,중급,씨름 경기,명사,
씨앗,중급,을 뿌리다,명사,
-씩,중급,조금씩,접사,03
씩씩하다,중급,씩씩한 사람,형용사,02
씻기다,중급,비에,동사,01
씻기다,중급,아이를,동사,02
아가,중급,가 울다,명사,01
아깝다,중급,돈이,형용사,
아끼다,중급,돈을,동사,
아냐,중급,아냐. 괜찮아,감탄사,
아동,중급,의 성장,명사,02
아드님,중급,첫째 아드님,명사,
아래층,중급,으로 내려가다,명사,
아랫사람,중급,의 도리,명사,
아랫집,중급,에 내려가다,명사,
아마도,중급,아마도 -을 것이다,부사,
아무개,중급,아무개 씨,대명사,
아무래도,중급,아무래도 이상하다,부사,
아무런,중급,−,관형사,
아무렇다,중급,미래가 아무렇든,형용사,
아무튼,중급,"아무튼, 다행이다.",부사,
아쉬움,중급,이 남다,명사,
아쉽다,중급,작별이,형용사,
아시아,중급,아시아 대륙,명사,
아예,중급,아예 안 하다,부사,
아울러,중급,실력과 아울러 미모도,부사,
아이,중급,"아이, 나도 바쁜데",감탄사,02
아이고,중급,"아이고, 시끄러워",감탄사,
아이디어,중급,를 내다,명사,
아침밥,중급,을 먹다,명사,
아침저녁,중급,아침저녁으로 만나다,명사,
아프리카,중급,아프리카 대륙,명사,
아픔,중급,육신의 아픔,명사,
아하,중급,"아하, 그렇구나",감탄사,
아홉째,중급,아홉째 날,수사·관형사/명사,
악몽,중급,을 꾸다,명사,
악수,중급,를 하다,명사,06
악취,중급,가 나다,명사,01
악화,중급,갈등 악화,명사,01
안과,중급,에서 치료를 받다,명사,02
안기다,중급,아기가,동사,01
안기다,중급,꽃다발을,동사,02
안내서,중급,를 읽다,명사,
안내소,중급,에 들르다,명사,
안내원,중급,을 따라가다,명사,
안내판,중급,을 세우다,명사,
안되다,중급,형편이,형용사,02
안방,중급,에서 자다,명사,02
안부,중급,를 묻다,명사,01
안색,중급,이 나쁘다,명사,
안심,중급,이 되다,명사,04
안약,중급,을 넣다,명사,
안전띠,중급,를 매다,명사,
안정,중급,을 유지하다,명사,01
안주,중급,를 먹다,명사,04
안타까워하다,중급,죽음을,동사,
안타깝다,중급,마음이,형용사,
안팎,중급,나라 안팎,명사,
앉히다,중급,자리에,동사,
않다,중급,세수를,동사,
알,중급,에서 깨다,명사,01
알레르기,중급,를 일으키다,명사,
알려지다,중급,사실이,동사,
알아내다,중급,사실을,동사,
알아듣다,중급,말귀를,동사,
알아맞히다,중급,답을,동사,
알아주다,중급,마음을,동사,
알차다,중급,내용이,형용사,
앓다,중급,감기를,동사,
암,중급,에 걸리다,명사,08
암기,중급,암기 과목,명사,02
압력,중급,이 높다,명사,
앗,중급,앗! 깜짝이야.,감탄사,01
앞길,중급,을 건너다,명사,01
앞날,중급,을 기약하다,명사,
앞두다,중급,시험을,동사,
앞뒤,중급,를 돌아보다,명사,
앞머리,중급,를 기르다,명사,
앞바다,중급,로 나가다,명사,
앞서,중급,앞서 도착하다,부사,
앞서다,중급,앞서서 걷다,동사,
앞세우다,중급,반장을,동사,
앞장서다,중급,앞장서 가다,동사,
앞집,중급,에 살다,명사,
애,중급,를 태우다,명사,01
애기,중급,를 낳다,명사,01
애쓰다,중급,도우려고,동사,
애완동물,중급,을 기르다,명사,
애정,중급,을 가지다,명사,02
액세서리,중급,를 달다,명사,
액수,중급,가 크다,명사,03
액자,중급,를 걸다,명사,01
야간,중급,야간 근무,명사,
야경,중급,을 감상하다,명사,02
야근,중급,을 하다,명사,
야단,중급,을 떨다,명사,01
야옹,중급,고양이가 야옹 울다,부사,01
야외,중급,로 나가다,명사,
야하다,중급,옷차림이,형용사,01
약도,중급,를 그리다,명사,
약점,중급,을 잡다,명사,01
약품,중급,을 구입하다,명사,
약혼,중급,을 발표하다,명사,
약혼녀,중급,와 헤어지다,명사,
약혼자,중급,를 소개하다,명사,01
얌전,중급,을 떨다,명사,
양,중급,동물,명사,05
양,중급,양 무릎,관형사,07
양,중급,이 많다,명사,20
양국,중급,이 교류하다,명사,01
양념,중급,을 섞다,명사,
양력,중급,음력,명사,02
양배추,중급,를 먹다,명사,
양보,중급,자리 양보,명사,03
양산,중급,을 쓰다,명사,05
양식,중급,에 맞추다,명사,04
양심,중급,에 찔리다,명사,02
양옆,중급,에 앉다,명사,
양쪽,중급,양쪽 뺨,명사,
양파,중급,를 볶다,명사,
얕다,중급,강이,형용사,
얘,중급,이 아이,줄어든 말,03
-어,중급,한국어,접사,08
어긋나다,중급,뼈가,동사,
어기다,중급,약속을,동사,01
어느덧,중급,어느덧 사라지다,부사,
어느새,중급,어느새 다 자라다,부사,
어둠,중급,이 깔리다,명사,
어떡하다,중급,어떠하게 하다,줄어든 말,
어려움,중급,을 겪다,명사,
어려워하다,중급,선배를,동사,
어르신,중급,을 뵙다,명사,
어리석다,중급,생각이,형용사,
어린애,중급,를 보살피다,명사,
어머,중급,"어머, 눈이 오네",감탄사,
어색하다,중급,사이가,형용사,02
어저께,중급,어저께 아침,부사/명사,
어지럽다,중급,머리가,형용사,
어쨌든,중급,어쨌든 고맙다,부사,
어쩌다,중급,어쩌다가,부사,02
어쩌면,중급,어쩌면 너도,부사,
어쩐지,중급,어쩐지 이상하다,부사,
어찌나,중급,어찌나 귀여운지,부사,
어찌하다,중급,어찌할 수 없다,동사,
어차피,중급,어차피 안 되다,부사,
어휘,중급,를 외우다,명사,02
어휴,중급,"어휴, 정신이 없군",감탄사,
억양,중급,을 높이다,명사,
억울하다,중급,죽음이,형용사,
억지로,중급,억지로 웃다,부사,
언급,중급,을 피하다,명사,
언덕,중급,을 오르다,명사,
언론,중급,언론 매체,명사,
언젠가,중급,미래의 언젠가,부사,
얹다,중급,무릎 위에,동사,
얻어먹다,중급,구걸해서,동사,
얼룩,중급,을 지우다,명사,
얼른,중급,얼른 일어나다,부사,02
얼리다,중급,얼음을,동사,03
얼마간,중급,얼마간의 돈,명사,
엄격,중급,엄격 적용,명사,02
엄숙하다,중급,분위기가,형용사,
엄청나다,중급,피해가,형용사,
업계,중급,서비스 업계,명사,01
업다,중급,동생을,동사,
업무,중급,를 맡기다,명사,02
업적,중급,을 남기다,명사,
업체,중급,와 거래하다,명사,
없애다,중급,근심을,동사,
없어지다,중급,말이,동사,
없이,중급,죄 없이,부사,
엉뚱하다,중급,대답이,형용사,
엉망,중급,으로 만들다,명사,
엉터리,중급,로 말하다,명사,
엊그제,중급,엊그제 아침,명사/부사,
엎드리다,중급,엎드려 자다,동사,
에너지,중급,가 넘치다,명사,
에스컬레이터,중급,에 타다,명사,
여,중급,여자,명사,07
-여,중급,십여 년,접사,27
여가,중급,를 즐기다,명사,03
여간,중급,여간 ~이 아니다,부사,
여건,중급,이 좋다,명사,01
여고,중급,여고 시절,명사,01
여관,중급,에서 자다,명사,03
여기다,중급,가족으로,동사,
여덟째,중급,여덟째 날,수사·관형사/명사,
여드름,중급,이 나다,명사,
여럿,중급,여럿 가운데,명사,
여름철,중급,여름철 날씨,명사,
여름휴가,중급,를 떠나다,명사,
여보,중급,"여보, 마누라",감탄사,01
여부,중급,사실 여부,명사,01
여섯째,중급,여섯째 날,수사·관형사/명사,
여유,중급,가 있다,명사,
여유롭다,중급,시간이,형용사,
여인,중급,중년 여인,명사,01
여전히,중급,여전히 그대로,부사,
여쭈다,중급,선생님께,동사,
여행가,중급,배낭 여행가,명사,
역사가,중급,가 연구하다,명사,
역사상,중급,한국 역사상,명사,02
역사적,중급,역사적 기록,관형사·명사,
역할,중급,을 정하다,명사,
엮다,중급,짚을,동사,
연,중급,연 강수량,명사,02
연간,중급,연간 수입,명사,02
연고,중급,를 바르다,명사,04
연관,중급,이 있다,명사,06
연구,중급,에 몰두하다,명사,03
연구소,중급,를 세우다,명사,
연구실,중급,에서 공부하다,명사,
연구원,중급,이 되다,명사,01
연구원,중급,에서 일하다,명사,02
연구자,중급,로 일하다,명사,
연기,중급,무기한 연기,명사,05
연기,중급,담배 연기,명사,09
연기,중급,배우의 연기,명사,10
연기자,중급,드라마 연기자,명사,
연도,중급,졸업 연도,명사,01
연두색,중급,연두색 새싹,명사,
연령,중급,연령 제한,명사,01
연못,중급,에 빠지다,명사,
연봉,중급,연봉이 오르다,명사,02
연설,중급,을 마치다,명사,02
연속,중급,일주일 연속,명사,02
연애,중급,연애 감정,명사,05
연인,중급,연인 사이,명사,06
연장,중급,연장 근무,명사,05
연주,중급,피아노 연주,명사,06
연주회,중급,피아노 연주회,명사,
연체,중급,연체 도서,명사,01
연체료,중급,를 내다,명사,
연출,중급,영화 연출,명사,02
연탄,중급,을 때다,명사,03
연하다,중급,고기가,형용사,01
연합,중급,유럽 연합,명사,03
열기,중급,뜨거운 열기,명사,07
열리다,중급,열매가,동사,01
열매,중급,가 열리다,명사,01
열쇠고리,중급,에 끼우다,명사,
열정,중급,을 쏟다,명사,02
열중,중급,을 하다,명사,
열째,중급,열째 날,수사·관형사/명사,
염색,중급,을 들이다,명사,01
엿보다,중급,몰래 엿보다,동사,
영,중급,영 모르겠다,부사,03
영리하다,중급,머리가,형용사,01
영상,중급,영상에 담다,명사,01
영상,중급,영하,명사,03
영양,중급,이 풍부하다,명사,05
영양제,중급,를 먹다,명사,
영업,중급,을 마치다,명사,
영역,중급,활동 영역,명사,03
영웅,중급,전쟁 영웅,명사,
영원,중급,을 약속하다,명사,02
영원히,중급,영원히 사랑하다,부사,
영향,중급,을 미치다,명사,04
영향력,중급,을 미치다,명사,
영혼,중급,이 되다,명사,02
영화감독,중급,으로 데뷔하다,명사,
예,중급,예로부터,명사,01
예,중급,를 들다,명사,08
예,중급,가 바르다,명사,15
예감,중급,불길한 예감,명사,03
예고,중급,를 보다,명사,01
예금,중급,을 찾다,명사,01
예방,중급,산불 예방,명사,02
예보,중급,일기 예보,명사,
예비,중급,예비 식량,명사,02
예산,중급,을 짜다,명사,02
예상,중급,과 다르다,명사,02
예선,중급,에 통과하다,명사,02
예술가,중급,로 활동하다,명사,
예술적,중급,예술적 작품,관형사·명사,
예식장,중급,을 예약하다,명사,
예외,중급,로 하다,명사,
예의,중급,가 바르다,명사,06
예절,중급,을 지키다,명사,
예정,중급,을 앞당기다,명사,02
예측,중급,이 맞다,명사,
예컨대,중급,−,부사,
옛날이야기,중급,를 들려주다,명사,
오,중급,오! 그래요?,감탄사,02
오가다,중급,말이,동사,
오늘날,중급,에 이르다,명사,
오락,중급,오락 문화,명사,01
오락실,중급,에서 놀다,명사,
오래도록,중급,오래도록 간직하다,부사,
오래오래,중급,오래오래 사세요,부사,01
오랜,중급,오랜 시간,관형사,
오로지,중급,오로지 공부만 하다,부사,
오르내리다,중급,계단을,동사,
오른발,중급,을 쓰다,명사,
오른편,중급,에 앉다,명사,
오리,중급,동물,명사,03
오염,중급,오염 물질,명사,
오직,중급,오직 너만,부사,01
오징어,중급,를 먹다,명사,
오토바이,중급,를 타다,명사,
오페라,중급,를 보다,명사,
오피스텔,중급,에 살다,명사,
오해,중급,를 풀다,명사,02
오히려,중급,오히려 화를 내다,부사,
옥수수,중급,를 먹다,명사,
온,중급,온 집안,관형사,01
온갖,중급,온갖 방법,관형사,
온라인,중급,온라인 게임,명사,
온몸,중급,이 아프다,명사,
온종일,중급,을 보내다,명사/부사,
온천,중급,에 가다,명사,02
온통,중급,온통 그 생각뿐이다,명사/부사,
올,중급,올 삼월,명사,02
올라서다,중급,계단에,동사,
올라타다,중급,비행기에,동사,
올려놓다,중급,난로 위에,동사,
올려다보다,중급,나무를,동사,
올바르다,중급,생각이,형용사,
올여름,중급,올여름 날씨,명사,
옮기다,중급,숙소를,동사,
옷차림,중급,이 단정하다,명사,
와인,중급,을 마시다,명사,
완벽,중급,을 추구하다,명사,01
완성,중급,한 달 완성,명사,01
완전,중급,에 가깝다,명사,01
왕복,중급,으로 운행하다,명사,
왠지,중급,왠지 기분이 좋다,부사,
외,중급,그 외,명사/의존명사,04
외가,중급,−,명사,
외갓집,중급,에 가다,명사,
외과,중급,에서 치료받다,명사,01
외교,중급,외교 관계,명사,01
외교관,중급,으로 일하다,명사,
외로움,중급,을 느끼다,명사,
외면,중급,을 당하다,명사,03
외모,중급,를 가꾸다,명사,02
외박,중급,이 잦다,명사,01
외부,중급,로 나가다,명사,02
외삼촌,중급,친척,명사,
외숙모,중급,친척,명사,
외식,중급,을 나가다,명사,02
외아들,중급,로 자라다,명사,
외출복,중급,을 벗다,명사,
외치다,중급,큰 소리로,동사,01
외투,중급,를 입다,명사,01
외할머니,중급,가족,명사,
외할아버지,중급,가족,명사,
왼발,중급,을 쓰다,명사,
왼편,중급,에 앉다,명사,
요,중급,를 깔다,명사,01
요,중급,요 녀석,관형사,03
요가,중급,를 배우다,명사,02
요구,중급,를 들어주다,명사,03
요구르트,중급,를 마시다,명사,
요리법,중급,을 개발하다,명사,
요새,중급,요 사이,명사,01
요소,중급,구성 요소,명사,04
요약,중급,내용 요약,명사,02
요인,중급,성공 요인,명사,03
요즈음,중급,요즈음 유행이다,명사,
요청,중급,을 받다,명사,
욕,중급,을 퍼붓다,명사,02
욕망,중급,이 크다,명사,
욕실,중급,에서 씻다,명사,
욕심,중급,을 내다,명사,
용,중급,동물,명사,09
-용,중급,어린이용,접사,11
용감하다,중급,군인이,형용사,
용건,중급,만 말하다,명사,01
용기,중급,를 내다,명사,02
용도,중급,에 맞다,명사,02
용돈,중급,을 쓰다,명사,
용서,중급,를 구하다,명사,01
용어,중급,법률 용어,명사,02
용품,중급,등산 용품,명사,01
우기다,중급,끝까지 우기다,동사,01
우려,중급,가 크다,명사,01
우물,중급,을 파다,명사,01
우선,중급,으로 하다,명사,07
우수,중급,우수 학생,명사,11
우습다,중급,표정이,형용사,
우승,중급,우승 후보,명사,05
우아하다,중급,분위기가,형용사,
우연,중급,의 일치,명사,02
우연히,중급,우연히 발견하다,부사,
우울,중급,을 느끼다,명사,
우정,중급,을 쌓다,명사,02
우주,중급,우주 만물,명사,02
우체통,중급,에 편지를 넣다,명사,
우측,중급,우측 방향,명사,
우편,중급,으로 보내다,명사,04
우편물,중급,을 보내다,명사,
우편함,중급,에 넣다,명사,
우회전,중급,을 알리다,명사,
운,중급,이 좋다,명사,06
운동량,중급,을 조절하다,명사,
운동선수,중급,로 활동하다,명사,
운명,중급,을 받아들이다,명사,01
운반,중급,이삿짐 운반,명사,02
운영,중급,기업 운영,명사,03
운전기사,중급,가 안내하다,명사,
운전면허,중급,를 따다,명사,
운행,중급,운행 노선,명사,02
울리다,중급,전화기가,동사,01
울리다,중급,아기를,동사,02
울음소리,중급,가 나다,명사,
움직임,중급,을 따라가다,명사,
웃기다,중급,사람을,동사,
웃어른,중급,을 공경하다,명사,
웃음소리,중급,가 나다,명사,
워낙,중급,비싸다,부사,
원,중급,을 그리다,명사,12
-원,중급,회사원,접사,17
-원,중급,대학원,접사,18
원래,중급,원래 그렇다,명사/부사,01
원룸,중급,에 살다,명사,
원리,중급,를 발견하다,명사,02
원만하다,중급,성품이,형용사,
원서,중급,를 내다,명사,05
원숭이,중급,를 키우다,명사,
원인,중급,을 밝히다,명사,02
원칙,중급,을 지키다,명사,
월,중급,월요일,명사,03
월드컵,중급,이 열리다,명사,
월말,중급,이 되다,명사,
월세,중급,를 내다,명사,
웬,중급,웬 영문인지,관형사,01
웬만하다,중급,가격이 ,형용사,
웬일,중급,로 일찍 오다,명사,
위,중급,1위,의존명사,05
위기,중급,를 면하다,명사,01
위대하다,중급,업적이,형용사,01
위로,중급,를 받다,명사,02
위반,중급,신호 위반,명사,03
위아래,중급,로 정렬하다,명사,
위원회,중급,가 열리다,명사,
위층,중급,으로 올라가다,명사,
위하다,중급,가족을,동사,01
위험성,중급,이 크다,명사,
위협,중급,을 당하다,명사,
윗글,중급,을 읽다,명사,
윗사람,중급,을 모시다,명사,
유교,중급,유교 문화,명사,02
유난히,중급,유난히 작다,부사,
유능,중급,무능,명사,01
유도,중급,대화 유도,명사,08
유람선,중급,을 타다,명사,
유럽,중급,에 가다,명사,02
유료,중급,무료,명사,01
유리,중급,불리,명사,05
유리창,중급,을 닦다,명사,01
유머,중급,가 있다,명사,
유물,중급,을 전시하다,명사,04
유산,중급,을 물려받다,명사,07
유일,중급,세계 유일,명사,06
유적,중급,이 발견되다,명사,08
유적지,중급,를 조사하다,명사,
유지,중급,질서 유지,명사,09
유창하다,중급,영어가,형용사,
유치하다,중급,생각이,형용사,01
유쾌,중급,불쾌,명사,
유통,중급,자본의 유통,명사,04
유형,중급,을 나누다,명사,07
유혹,중급,뇌물의,명사,02
육군,중급,육군 부대,명사,02
육지,중급,에서 살다,명사,02
육체,중급,건강한 육체,명사,03
육체적,중급,육체적 피로,관형사·명사,
-율,중급,할인율,접사,04
으악,중급,으악 하고 토하다,부사/감탄사,
은,중급,금과 은,명사,04
은혜,중급,를 갚다,명사,
음력,중급,양력,명사,02
음반,중급,을 내다,명사,
음성,중급,을 듣다,명사,02
음식물,중급,을 삼키다,명사,
음악회,중급,에 가다,명사,
음주,중급,음주 운전,명사,
응급실,중급,에 실려 가다,명사,
응답,중급,을 기다리다,명사,
응시,중급,응시 원서,명사,03
응원,중급,을 보내다,명사,
의견,중급,을 나누다,명사,01
의논,중급,을 하다,명사,
의도,중급,를 가지다,명사,02
의류,중급,여성 의류,명사,
의무,중급,를 다하다,명사,01
의무적,중급,의무적 규정,관형사·명사,
의문,중급,이 생기다,명사,02
의복,중급,을 갈아입다,명사,01
의사,중급,를 밝히다,명사,02
의상,중급,을 고르다,명사,01
의식,중급,을 잃다,명사,03
의식,중급,을 치르다,명사,04
의심,중급,을 받다,명사,03
의외,중급,의외의 결과,명사,
의욕,중급,이 넘치다,명사,
의존,중급,알코올 의존,명사,
의지,중급,를 하다,명사,04
의지,중급,가 강하다,명사,06
-이,중급,많이,접사,32
이곳저곳,중급,에 다니다,명사,
이국적,중급,이국적 풍경,관형사·명사,01
이기적,중급,이기적 성격,관형사·명사,
이끌다,중급,단체를,동사,
이내,중급,이내 잠이 들다,부사,03
이내,중급,한 시간 이내,명사,05
이념,중급,교육 이념,명사,
이달,중급,이달 말,명사,01
이대로,중급,이대로 두다,부사,
이동,중급,장소 이동,명사,03
이따,중급,이따 만나요,부사,01
이래서,중급,이러한 이유로,줄어든 말,
이러다,중급,말하다,동사,
이런저런,중급,이런저런 문제,관형사,
이력서,중급,를 내다,명사,
이론,중급,을 세우다,명사,01
이롭다,중급,건강에,형용사,02
이루다,중급,꿈을,동사,01
이루어지다,중급,소원이,동사,
이룩하다,중급,성장을,동사,
이르다,중급,목적지에,동사,01
이르다,중급,자세히 이르다,동사,02
이른바,중급,−,부사,
이름표,중급,를 달다,명사,
이리,중급,이리 오다,부사,03
이리저리,중급,이리저리 돌아다니다,부사,02
이만,중급,이만 줄이다,부사,02
이만큼,중급,이만큼 달라지다,부사/명사,
이메일,중급,을 보내다,명사,
이미지,중급,청각적 이미지,명사,
이민,중급,을 가다,명사,03
이발,중급,을 하다,명사,03
이벤트,중급,가 열리다,명사,
이별,중급,을 선언하다,명사,
이비인후과,중급,에서 치료하다,명사,
이상적,중급,이상적 방법,관형사·명사,01
이성,중급,을 잃다,명사,08
이성,중급,이성 친구,명사,10
이어,중급,이어 말하다,부사,01
이어지다,중급,둥글게 이어지다,동사,
이왕,중급,이왕의 일,명사/부사,02
이외,중급,관계자 이외,명사,01
이용자,중급,인터넷 이용자,명사,
이웃집,중급,에 놀러 가다,명사,
이윽고,중급,이윽고 밤이 되다,부사,
이익,중급,이 남다,명사,02
이자,중급,가 비싸다,명사,05
이전,중급,주소 이전,명사,08
이제야,중급,이제야 알다,부사,
이튿날,중급,이 되다,명사,
이하,중급,수준 이하,명사,02
이해관계,중급,를 따지다,명사,
이해력,중급,이 부족하다,명사,
이혼,중급,이혼 서류,명사,03
익다,중급,손에,형용사,02
익히다,중급,고기를,동사,01
익히다,중급,기술을,동사,02
인간,중급,인간 사회,명사,01
인간관계,중급,가 좋다,명사,
인간성,중급,이 좋다,명사,
인간적,중급,인간적 권리,관형사·명사,
인격,중급,을 존중하다,명사,
인공,중급,인공 호수,명사,01
인구,중급,가 증가하다,명사,01
인도,중급,로 걷다,명사,02
인력,중급,을 양성하다,명사,01
인류,중급,인류 공동체,명사,01
인물,중급,이 좋다,명사,
인삼차,중급,를 마시다,명사,
인상,중급,이 좋다,명사,01
인상,중급,요금 인상,명사,03
인상,중급,에 남다,명사,06
인상적,중급,인상적 작품,관형사·명사,
인생,중급,을 바치다,명사,01
인쇄,중급,인쇄 매체,명사,
인쇄물,중급,을 찍다,명사,
인스턴트,중급,인스턴트 커피,명사,
인식,중급,이 강하다,명사,
인심,중급,이 변하다,명사,01
인연,중급,을 맺다,명사,03
인용,중급,인용 문구,명사,02
인원,중급,이 남다,명사,
인재,중급,를 기르다,명사,02
인정,중급,이 넘치다,명사,04
인정,중급,을 받다,명사,08
인체,중급,를 해부하다,명사,
인터뷰,중급,인터뷰 기사,명사,
인하,중급,가격 인하,명사,01
인하다,중급,그로 인하여,동사,01
일,중급,일요일,명사,06
일곱째,중급,일곱째 날,수사·관형사/명사,
일교차,중급,가 크다,명사,
일단,중급,먼저,부사,01
일대,중급,서울 일대,명사,03
일등,중급,일등 신랑,명사,
일반,중급,일반 국민,명사,02
일반인,중급,일반인 대상,명사,
일반적,중급,일반적 생각,관형사·명사,
일본어,중급,로 말하다,명사,
일본인,중급,을 만나다,명사,
일부러,중급,일부러 오다,부사,
일부분,중급,에 속하다,명사,
일상,중급,에 만족하다,명사,04
일상생활,중급,에서 사용하다,명사,
일상적,중급,일상적 사용,관형사·명사,
일생,중급,을 살다,명사,01
일석이조,중급,를 노리다,명사,
일손,중급,을 구하다,명사,
일시,중급,모임 일시,명사,03
일시불,중급,로 내다,명사,
일시적,중급,일시적 감정,관형사·명사,
일쑤,중급,굶기가 일쑤이다,명사/부사,
일어,중급,로 말하다,명사,
일으키다,중급,윗몸을,동사,
일일이,중급,일일이 검사하다,부사,02
일자리,중급,를 구하다,명사,
일정,중급,일정 기준,명사,01
일정,중급,을 짜다,명사,03
일정표,중급,가 바뀌다,명사,
일종,중급,일종의 자유,명사,03
일찍이,중급,일찍이 나서다,부사,
일체,중급,일체 금지하다,명사/부사,01
일출,중급,을 보다,명사,01
일치,중급,의견 일치,명사,01
일행,중급,과 헤어지다,명사,01
일회용,중급,일회용 젓가락,명사,
일회용품,중급,을 사용하다,명사,
읽기,중급,를 배우다,명사,
읽히다,중급,책이,동사,01
읽히다,중급,책을,동사,02
임금,중급,을 올리다,명사,03
임무,중급,를 맡기다,명사,01
임시,중급,로 맡다,명사,02
임신,중급,임신 초기,명사,02
입국,중급,출국,명사,02
입금,중급,입금 통장,명사,
입대,중급,제대,명사,01
입력,중급,자료 입력,명사,
입맛,중급,이 좋다,명사,
입사,중급,입사 시험,명사,03
입시,중급,대학 입시,명사,04
입장,중급,무료 입장,명사,02
입장,중급,을 밝히다,명사,04
입장료,중급,를 내다,명사,
입학식,중급,을 치르다,명사,
입히다,중급,옷을,동사,
잇다,중급,끈을,동사,01
잇따르다,중급,차가,동사,
잊히다,중급,기억에서,동사,
자,중급,로 재다,명사,01
자,중급,"자, 갑시다",감탄사,04
자,중급,하늘 천 자,명사,14
-자,중급,과학자,접사,30
자가용,중급,으로 출근하다,명사,
자격,중급,보호자 자격,명사,04
자격증,중급,을 따다,명사,
자극,중급,피부에 자극이 되다,명사,01
자기,중급,를 반성하다,명사/대명사,03
자꾸만,중급,자꾸만 귀찮게 하다,부사,
자녀,중급,를 기르다,명사,01
자동,중급,으로 움직이다,명사,01
자라나다,중급,몸이,동사,
자랑스럽다,중급,아들이,형용사,
자료,중급,를 찾다,명사,03
자리,중급,를 펴다,명사,02
자막,중급,이 나오다,명사,
자매,중급,가족,명사,03
자본,중급,이 부족하다,명사,02
자부심,중급,을 느끼다,명사,
자살,중급,을 시도하다,명사,01
자세,중급,를 잡다,명사,02
자세하다,중급,설명이,형용사,01
자신,중급,이 있다,명사,02
자신감,중급,이 넘치다,명사,
자연스럽다,중급,표정이,형용사,
자연적,중급,자연적 환경,관형사·명사,
자연환경,중급,을 보호하다,명사,
자연히,중급,자연히 없어지다,부사,
자원,중급,이 부족하다,명사,04
자유롭다,중급,활동이,형용사,
자존심,중급,을 지키다,명사,
자주색,중급,으로 색칠하다,명사,
자취,중급,자취 생활,명사,03
작가,중급,시나리오 작가,명사,01
작곡,중급,작곡 공부,명사,01
작곡가,중급,가요 작곡가,명사,
작동,중급,을 멈추다,명사,01
작문,중급,을 읽다,명사,01
작성,중급,보고서 작성,명사,01
작업,중급,준비 작업,명사,01
작용,중급,불리한 작용,명사,01
작은아버지,중급,친척,명사,
작은어머니,중급,친척,명사,
작은집,중급,에 가다,명사,
작전,중급,을 생각하다,명사,01
작품,중급,예술 작품,명사,01
잔돈,중급,을 모으다,명사,02
잔디밭,중급,에 앉다,명사,
잔뜩,중급,잔뜩 사다,부사,
잔소리,중급,를 늘어 놓다,명사,
잔액,중급,이 부족하다,명사,
잘나다,중급,외모가,형용사,
잘리다,중급,나무가,동사,01
잘살다,중급,잘사는 나라,동사,
잠그다,중급,문을,동사,01
잠기다,중급,문이,동사,01
잠기다,중급,물에,동사,02
잠들다,중급,아기가,동사,
잠옷,중급,을 입다,명사,
잠자리,중급,를 잡다,명사,02
잡아당기다,중급,문을,동사,
잡아먹다,중급,소를,동사,
잡히다,중급,도둑이,동사,02
-장,중급,운동장,접사,44
장가,중급,를 가다,명사,01
장관,중급,에 임명되다,명사,02
장기간,중급,장기간 머물다,명사,
장기적,중급,장기적 목표,관형사·명사,
장난,중급,이 심하다,명사,
장남,중급,장녀,명사,03
장단점,중급,을 파악하다,명사,
장래,중급,를 준비하다,명사,
장례식,중급,을 치르다,명사,
장르,중급,영화 장르,명사,
장마철,중급,이 다가오다,명사,
장면,중급,을 목격하다,명사,04
장모,중급,장인,명사,01
장미꽃,중급,을 받다,명사,
장사,중급,가 잘되다,명사,01
장수,중급,장수 마을,명사,08
장식,중급,을 달다,명사,05
장애,중급,가 되다,명사,02
장애인,중급,장애인 복지,명사,
장인,중급,장모,명사,02
장점,중급,이 많다,명사,02
장하다,중급,아들이,형용사,01
장학,중급,장학 사업,명사,01
장학금,중급,을 받다,명사,
재-,중급,재등록,접사,17
재능,중급,예술적 재능,명사,
재다,중급,무게를,동사,02
재떨이,중급,에 버리다,명사,
재빨리,중급,재빨리 도망치다,부사,
재산,중급,을 모으다,명사,
재생,중급,의 기회,명사,01
재수,중급,가 좋다,명사,03
재우다,중급,아이를,동사,03
재작년,중급,재작년 여름,명사,
재주,중급,가 많다,명사,01
재킷,중급,을 입다,명사,
재판,중급,이 열리다,명사,06
재학,중급,재학 증명서,명사,02
재학생,중급,이 늘다,명사,
재활용,중급,재활용 쓰레기,명사,
재활용품,중급,을 모으다,명사,
잼,중급,을 바르다,명사,01
쟤,중급,저 아이,줄어든 말,
저-,중급,저학년,접사,11
저급,중급,저급 문화,명사,01
저기,중급,"저기, 잠깐만요",감탄사,02
저녁때,중급,에 만나다,명사,
저러다,중급,떠들고 저러다,동사,
저렴하다,중급,비용이,형용사,
저리,중급,저리 가라,부사,01
저마다,중급,저마다 다르다,부사/명사,
저만큼,중급,저만큼 느끼다,부사/명사,
저울,중급,에 달다,명사,01
저자,중급,책의 저자,명사,05
저장,중급,파일 저장,명사,04
저절로,중급,저절로 가다,부사,
저지르다,중급,실수를,동사,
저축,중급,저축 예금,명사,03
적,중급,을 공격하다,명사,13
-적,중급,일반적,접사,18
적극,중급,적극 검토하다,명사,
적극적,중급,적극적 태도,관형사·명사,
적당히,중급,적당히 마시다,부사,
적성,중급,에 맞다,명사,05
적어도,중급,적어도 일주일,부사,
적어지다,중급,사람이,동사,
적용,중급,받다,명사,
적응,중급,이 빠르다,명사,02
적자,중급,가 나다,명사,02
적절하다,중급,상황이,형용사,
적히다,중급,숫자가,동사,
전개,중급,가 이루어지다,명사,02
전국,중급,을 돌다,명사,03
전국적,중급,전국적 규모,관형사·명사,
전날,중급,시험 전날,명사,
전달,중급,물건 전달,명사,03
전망,중급,이 좋다,명사,03
전문,중급,전문 분야,명사,08
전문가,중급,를 초빙하다,명사,
전문적,중급,전문적 지식,관형사·명사,
전문점,중급,커피 전문점,명사,
전문직,중급,에 종사하다,명사,
전설,중급,이 내려오다,명사,04
전세,중급,로 살다,명사,07
전시,중급,전시 상품,명사,04
전시장,중급,을 둘러보다,명사,
전시회,중급,를 관람하다,명사,
전용,중급,외국인 전용,명사,04
전원,중급,전원 출석,명사,03
전원,중급,을 끄다,명사,07
전자,중급,전자 제품,명사,06
전자레인지,중급,에 데우다,명사,
전자사전,중급,을 찾다,명사,
전쟁,중급,한국 전쟁,명사,
전제,중급,전제 조건,명사,08
전체적,중급,전체적 분위기,관형사·명사,
전통,중급,을 잇다,명사,05
전통적,중급,전통적 방식,관형사·명사,
전후,중급,전후 사정,명사,01
절,중급,에 다니다,명사,01
절,중급,을 올리다,명사,02
절,중급,1장 1절,명사,08
절대,중급,절대 안정,명사/부사,05
절대로,중급,절대로 아니다,부사,
절대적,중급,절대적 신뢰,관형사·명사,
절망,중급,에 빠지다,명사,02
절반,중급,절반 이상,명사,
절약,중급,시간 절약,명사,
절차,중급,수속 절차,명사,02
젊은이,중급,젊은이의 꿈,명사,
젊음,중급,을 유지하다,명사,
점,중급,을 찍다,명사/의존명사,10
-점,중급,백화점,접사,11
점검,중급,을 받다,명사,
점원,중급,으로 일하다,명사,01
점잖다,중급,말투가,형용사,
점차,중급,점차 좋아지다,명사/부사,02
점퍼,중급,를 입다,명사,
접근,중급,을 막다,명사,
접속,중급,을 끊다,명사,
접수,중급,원서 접수,명사,03
접어들다,중급,겨울에,동사,
접촉,중급,을 피하다,명사,
접하다,중급,소식을,동사,01
젓다,중급,커피를,동사,01
정,중급,이 들다,명사,20
정기,중급,정기 휴일,명사,07
정기적,중급,정기적 모임,관형사·명사,
정답,중급,을 고르다,명사,
정당,중급,에 가입하다,명사,07
정말로,중급,정말로 믿다,부사,
정면,중급,을 향하다,명사,01
정반대,중급,가 되다,명사,
정보,중급,를 수집하다,명사,06
정보화,중급,정보화 사회,명사,
정부,중급,한국 정부,명사,08
정상,중급,정상 수업,명사,02
정상적,중급,정상적 생활,관형사·명사,
정성,중급,을 다하다,명사,11
정수기,중급,를 설치하다,명사,
정식,중급,정식 회원,명사,01
정신,중급,절약 정신,명사,12
정신없다,중급,게임에,형용사,
정신적,중급,정신적 여유,관형사·명사,
정오,중급,정오 뉴스,명사,01
정원,중급,정원 미달,명사,03
정육점,중급,에서 고기를 사다,명사,
정의,중급,를 내리다,명사,05
정작,중급,정작 할 말은 못하다,명사/부사,01
정장,중급,을 입다,명사,04
정지,중급,운행 정지,명사,06
정직,중급,을 추구하다,명사,01
정착,중급,정착 생활,명사,
정책,중급,정책 수립,명사,02
정치,중급,정치 활동,명사,03
정치인,중급,이 되다,명사,
정치적,중급,정치적 대립,관형사·명사,
정확히,중급,정확히 계산하다,부사,01
젖,중급,을 먹이다,명사,
-제,중급,추모제,접사,21
제-,중급,제삼,접사,22
-제,중급,영양제,접사,24
제,중급,제 생각,줄어든 말,26
제거,중급,냄새 제거,명사,03
제공,중급,자료 제공,명사,04
제과점,중급,에서 빵을 사다,명사,
제대로,중급,제대로 갖추다,부사,
제도,중급,결혼 제도,명사,01
제때,중급,제때를 놓치다,명사,
제발,중급,제발 부탁이야,부사,01
제법,중급,제법 잘하다,부사,01
제사,중급,를 지내다,명사,07
제시,중급,의견 제시,명사,02
제시간,중급,에 맞추다,명사,
제안,중급,을 받다,명사,02
제약,중급,이 많다,명사,01
제외,중급,제외 대상,명사,02
제자,중급,스승과 제자,명사,01
제자리,중급,에 꽂다,명사,
제작,중급,음반 제작,명사,02
제출,중급,보고서 제출,명사,02
제품,중급,가죽 제품,명사,02
제한,중급,나이 제한,명사,01
조,중급,오조 이천억,수사·관형사,05
조각,중급,이 나다,명사,01
조건,중급,성공 조건,명사,02
조그맣다,중급,얼굴이,형용사,
조기,중급,이른 시기,명사,05
조깅,중급,을 하다,명사,
조끼,중급,를 입다,명사,01
조르다,중급,사 달라고 조르다,동사,02
조리,중급,조리 시간,명사,09
조림,중급,생선 조림,명사,01
조명,중급,실내 조명,명사,06
조미료,중급,를 넣다,명사,
조사,중급,조사 결과,명사,30
조상,중급,을 모시다,명사,07
조심스럽다,중급,말이,형용사,
조언,중급,을 구하다,명사,01
조작,중급,음성 조작,명사,02
조절,중급,컨디션 조절,명사,02
조정,중급,시간 조정,명사,09
조화,중급,를 이루다,명사,07
존경,중급,을 받다,명사,
존재,중급,를 인정하다,명사,
존중,중급,을 받다,명사,
졸리다,중급,졸려서 자다,동사/형용사,01
졸업생,중급,을 배출하다,명사,
졸업식,중급,을 치르다,명사,
졸음,중급,이 쏟아지다,명사,01
좀처럼,중급,좀처럼 안 되다,부사,
좁히다,중급,길을,동사,01
종교,중급,를 믿다,명사,
종교적,중급,종교적 신념,관형사·명사,
종아리,중급,가 굵다,명사,
종이컵,중급,을 쓰다,명사,
종일,중급,종일 흐리다,부사/명사,01
종종,중급,종종 들르다,부사,04
종합,중급,종합 검사,명사,
좌석,중급,에 앉다,명사,
좌우,중급,좌우 날개,명사,01
좌측,중급,에 배치되다,명사,
좌회전,중급,을 하다,명사,
죄,중급,를 짓다,명사,03
주간,중급,주간 계획,명사/의존명사,05
주고받다,중급,이야기를,동사,
주관적,중급,주관적 생각,관형사·명사,
주름,중급,이 생기다,명사,01
주먹,중급,을 쥐다,명사,
주목,중급,을 끌다,명사,03
주민,중급,이 모이다,명사,
주방,중급,에서 요리하다,명사,05
주식,중급,에 투자하다,명사,03
주어지다,중급,기회가,동사,
주요,중급,주요 인물,명사,01
주유소,중급,에서 일하다,명사,
주의,중급,를 시카다,명사,07
주인공,중급,으로 나오다,명사,
주장,중급,을 내세우다,명사,03
주저앉다,중급,바닥에,동사,
주전자,중급,에 물을 끓이다,명사,
주제,중급,대화 주제,명사,04
주차권,중급,을 사다,명사,
주차료,중급,를 내다,명사,
주택,중급,을 짓다,명사,
죽,중급,을 끓이다,명사,07
죽음,중급,을 맞다,명사,01
죽이다,중급,쥐를,동사,01
준비물,중급,을 챙기다,명사,
줄거리,중급,를 얘기하다,명사,01
줄곧,중급,줄곧 생각하다,부사,
줄기,중급,식물 줄기,명사,01
줄넘기,중급,를 하다,명사,
줄무늬,중급,를 그리다,명사,
줄어들다,중급,숫자가,동사,
중,중급,불교,명사,01
중고,중급,중고 자동차,명사,01
중고차,중급,를 사다,명사,
중고품,중급,을 팔다,명사,
중국어,중급,로 말하다,명사,
중국인,중급,을 만나다,명사,
중급,중급,중급 수준,명사,
중단,중급,운행 중단,명사,04
중독,중급,을 일으키다,명사,01
중반,중급,에 들어서다,명사,03
중부,중급,중부 지방,명사,03
중소기업,중급,에 취직하다,명사,
중순,중급,내달 중순,명사,
중식,중급,중국 음식,명사,
중심지,중급,경제의 중심지,명사,
중얼거리다,중급,혼자 중얼거리다,동사,
중요성,중급,을 지니다,명사,
중형차,중급,를 운전하다,명사,
쥐,중급,동물,명사,02
쥐다,중급,주먹을,동사,01
즉,중급,"즉, 다시 말해서",부사,01
즉석,중급,으로 만들다,명사,
즉시,중급,즉시 시작하다,명사,
즐거움,중급,을 느끼다,명사,
증가,중급,인구 증가,명사,01
증거,중급,를 찾다,명사,
증명,중급,을 하다,명사,
증명서,중급,를 발급하다,명사,
증상,중급,감기 증상,명사,01
증세,중급,가 악화되다,명사,01
지각,중급,이 들다,명사,04
지겹다,중급,공부가,형용사,
지구,중급,에 살다,명사,04
지극히,중급,지극히 간단하다,부사,
지금껏,중급,지금껏 모르다,부사,
지급,중급,이자 지급,명사,01
지나치다,중급,욕심이,형용사/동사,
지난날,중급,을 기억하다,명사,
지능,중급,이 높다,명사,
지니다,중급,돈을,동사,
지다,중급,해가,동사,02
지다,중급,배낭을,동사,05
지도,중급,를 받다,명사,09
지도자,중급,를 뽑다,명사,
지름길,중급,로 가다,명사,
지방,중급,식물성 지방,명사,09
지불,중급,비용 지불,명사,02
지붕,중급,에 올라가다,명사,
지시,중급,를 하다,명사,02
지식,중급,을 얻다,명사,02
지식인,중급,지식인 사회,명사,
지역,중급,서울 지역,명사,03
지옥,중급,에 떨어지다,명사,
지원,중급,생활비 지원,명사,02
지원,중급,지원 동기,명사,07
지위,중급,가 높다,명사,04
지저분하다,중급,길이,형용사,
지적,중급,을 받다,명사,05
지정,중급,지정 좌석,명사,14
지진,중급,이 발생하다,명사,02
지출,중급,이 늘다,명사,01
지치다,중급,몸이,동사,01
지켜보다,중급,몰래 지켜보다,동사,
지퍼,중급,를 올리다,명사,
지폐,중급,를 세다,명사,
지하실,중급,로 내려가다,명사,
지혜,중급,를 모으다,명사,02
지혜롭다,중급,생각이,형용사,
직선,중급,직선 도로,명사,01
직장인,중급,이 출근하다,명사,
직접적,중급,직접적 이유,관형사·명사,
직진,중급,으로 가다,명사,02
직후,중급,식사 직후,명사,
진단,중급,을 받다,명사,02
진단서,중급,를 떼다,명사,
진동,중급,이 울리다,명사,03
진로,중급,를 결정하다,명사,02
진리,중급,를 깨닫다,명사,
진술,중급,을 듣다,명사,02
진실,중급,을 말하다,명사,02
진심,중급,으로 축하하다,명사,01
진정하다,중급,진정한 친구,형용사,01
진지하다,중급,태도가,형용사,
진찰,중급,을 받다,명사,02
진출,중급,사회 진출,명사,02
진통제,중급,를 먹다,명사,
진학,중급,진학 상담,명사,
진행,중급,이 순조롭다,명사,02
진행자,중급,뉴스 진행자,명사,
질,중급,이 좋다,명사,08
-질,중급,가위질,접사,11
질병,중급,을 치료하다,명사,02
질서,중급,를 유지하다,명사,03
질투,중급,가 나다,명사,
짐승,중급,을 잡다,명사,
짐작,중급,도 못하다,명사,
집다,중급,손가락으로,동사,01
집단,중급,을 이루다,명사,
집세,중급,를 내다,명사,
집안,중급,이 편안하다,명사,01
집어넣다,중급,감옥에,동사,
집중,중급,시선 집중,명사,02
집중적,중급,집중적 관심,관형사·명사,
짓,중급,나쁜 짓,명사,01
짖다,중급,강아지가,동사,
짙다,중급,색깔이,형용사,02
짚다,중급,지팡이를,동사,01
짜다,중급,목도리를,동사,01
짜다,중급,치약을,동사,02
-짜리,중급,백 원짜리,접사,02
짜증스럽다,중급,말투가,형용사,
짝수,중급,홀수,명사,
짠맛,중급,이 나다,명사,
-째,중급,첫째,접사,02
쪽,중급,쪽 번호,명사,02
쪽,중급,사과 몇 쪽,의존명사/명사,03
쫓겨나다,중급,집에서,동사,
쫓기다,중급,경찰에게,동사,
쫓다,중급,범인을,동사,
쫓아가다,중급,회사로,동사,
쫓아내다,중급,마을에서,동사,
쫓아다니다,중급,선배를,동사,
쫓아오다,중급,친구가,동사,
쭉,중급,줄을 쭉 긋다,부사,
-쯤,중급,이쯤,접사,02
찌르다,중급,바늘로,동사,
찌푸리다,중급,인상을,동사,
찍다,중급,도끼로,동사,01
찍히다,중급,도장이,동사,02
찜질,중급,모래 찜질,명사,
찡그리다,중급,얼굴을,동사,
찢다,중급,종이를,동사,
찢어지다,중급,종이가,동사,
차도,중급,로 다니다,명사,01
차라리,중급,차라리 죽는 게 낫다,부사,
차량,중급,을 통제하다,명사,01
차로,중급,를 건너다,명사,02
차리다,중급,음식을,동사,
차림표,중급,를 주다,명사,
차마,중급,차마 할 수 없다,부사,
차별,중급,남녀 차별,명사,
차비,중급,를 내다,명사,02
차선,중급,을 변경하다,명사,03
차원,중급,이 다르다,명사,01
차이,중급,나이 차이,명사,
차이점,중급,이 없다,명사,
차차,중급,차차 좋아지다,부사,01
차창,중급,을 닦다,명사,
차츰,중급,차츰 나아지다,부사,
착각,중급,에 빠지다,명사,03
찬성,중급,반대,명사,01
참가,중급,참가 신청서,명사,01
참고,중급,참고 자료,명사,01
참기름,중급,을 바르다,명사,
참석,중급,회의 참석,명사,
참석자,중급,참석자 명단,명사,
참여,중급,가 많다,명사,
참으로,중급,참으로 잘되다,부사,
참조,중급,사진 참조,명사,02
창,중급,을 열다,명사,09
창가,중급,에 앉다,명사,01
창고,중급,에 보관하다,명사,01
창구,중급,예매 창구,명사,01
창밖,중급,을 보다,명사,
창작,중급,창작과 모방,명사,
창조,중급,한글 창조,명사,03
창피,중급,를 당하다,명사,
찾아내다,중급,보물을,동사,
찾아다니다,중급,명소를,동사,
찾아뵙다,중급,어른을,동사,
채널,중급,을 돌리다,명사,
채우다,중급,자물쇠를,동사,01
채우다,중급,자리를,동사,03
채택,중급,답변 채택,명사,
책가방,중급,을 메다,명사,
책임,중급,을 지다,명사,
책임감,중급,이 강하다,명사,
책임자,중급,를 처벌하다,명사,
책임지다,중급,결과를,동사,
챔피언,중급,을 차지하다,명사,
챙기다,중급,가방을,동사,
처녀,중급,처녀 시절,명사,
처리,중급,사고 처리,명사,02
처방,중급,을 내리다,명사,
처방전,중급,을 떼다,명사,
처벌,중급,을 받다,명사,
처하다,중급,위험에,동사,
천국,중급,지옥,명사,01
천둥,중급,이 치다,명사,
천사,중급,천사의 날개,명사,05
천장,중급,이 높다,명사,02
천재,중급,천재 시인,명사,03
천주교,중급,를 믿다,명사,
철,중급,이 바뀌다,명사,01
철,중급,이 들다,명사,02
철도,중급,도시 철도,명사,
철저히,중급,철저히 예방하다,부사,
첨부,중급,첨부 서류,명사,01
첫눈,중급,에 반하다,명사,01
첫눈,중급,이 내리다,명사,02
첫사랑,중급,과 재회하다,명사,
첫인상,중급,이 좋다,명사,
청구서,중급,가 오다,명사,
청소기,중급,를 사다,명사,02
청하다,중급,도움을,동사,
청혼,중급,을 거절하다,명사,02
체계,중급,가 잡히다,명사,03
체력,중급,을 단련하다,명사,
체면,중급,이 깎이다,명사,02
체온,중급,이 떨어지다,명사,
체조,중급,체조 경기,명사,02
체중,중급,을 조절하다,명사,01
체하다,중급,밥이 ,동사,02
체험,중급,간접 체험,명사,
초-,중급,초봄,접사,22
초가을,중급,초가을 바람,명사,
초겨울,중급,초겨울 추위,명사,
초급,중급,초급 단계,명사,01
초기,중급,초기 단계,명사,04
초록,중급,으로 칠하다,명사,02
초반,중급,경기 초반,명사,01
초보,중급,초보 운전,명사,01
초보자,중급,수영 초보다,명사,
초봄,중급,초봄의 바람,명사,
초승달,중급,이 뜨다,명사,
초여름,중급,초여름 더위,명사,
초저녁,중급,이 지나다,명사,
초점,중급,을 맞추다,명사,03
초조,중급,불안과 초조,명사,03
초청,중급,초청 강연,명사,01
초청장,중급,을 보내다,명사,
촌스럽다,중급,옷차림이,형용사,
총,중급,을 쏘다,명사,03
총,중급,총 인원,관형사,06
총리,중급,에 임명되다,명사,01
촬영,중급,을 미루다,명사,
최고급,중급,최고급 호텔,명사,
최대,중급,로 늘리다,명사,
최대한,중급,최대한의 노력,명사/부사,
최선,중급,을 다하다,명사,02
최소,중급,최대,명사,01
최소한,중급,으로 유지하다,명사/부사,
최신,중급,최신 기술,명사,
최저,중급,최고,명사,01
최종,중급,최종 목표,명사,
최초,중급,로 발견하다,명사,
추가,중급,추가 모집,명사,02
추억,중급,으로 남다,명사,
추위,중급,를 견디다,명사,01
추진,중급,사업 추진,명사,02
추천,중급,추천 도서,명사,03
추천서,중급,를 쓰다,명사,
추측,중급,이 맞다,명사,
축구장,중급,에서 축구를 하다,명사,
축소,중급,예산 축소,명사,02
축제,중급,를 즐기다,명사,01
출국,중급,출국 수속,명사,
출근길,중급,을 나서다,명사,
출산,중급,출산 예정일,명사,02
출신,중급,서울 출신,명사,
출연,중급,드라마 출연,명사,02
출판,중급,도서 출판,명사,02
출현,중급,출현 시기,명사,
충격,중급,을 받다,명사,02
충격적,중급,충격적 사실,관형사·명사,
충고,중급,를 듣다,명사,
충돌,중급,자동차 충돌,명사,
충분히,중급,충분히 이해하다,부사,
취업,중급,을 알선하다,명사,
취업난,중급,에 시달리다,명사,
취재,중급,취재 기자,명사,02
취하다,중급,술에,동사,03
취향,중급,이 독특하다,명사,01
측,중급,학교 측,의존명사,
측면,중급,오른쪽 측면,명사,
치다,중급,눈보라가,동사,01
치다,중급,밑줄을,동사,03
치다,중급,후추를,동사,04
치료법,중급,을 개발하다,명사,
치료제,중급,혈압 치료제,명사,02
치르다,중급,값을,동사,
치수,중급,를 재다,명사,01
치우다,중급,물건들을,동사,01
치즈,중급,를 먹다,명사,
친-,중급,친부모,접사,03
친딸,중급,처럼 대하다,명사,
친아들,중급,처럼 대하다,명사,
친아버지,중급,처럼 대하다,명사,
친어머니,중급,처럼 대하다,명사,
친언니,중급,처럼 대하다,명사,
친오빠,중급,처럼 대하다,명사,
친정,중급,에 가다,명사,04
침,중급,을 뱉다,명사,01
침묵,중급,을 깨다,명사,
칸,중급,을 나누다,명사,01
캄캄하다,중급,밖이,형용사,
캠페인,중급,을 벌이다,명사,
커다랗다,중급,문제가,형용사,
커지다,중급,문제가,동사,
커트,중급,를 하다(머리),명사,
커튼,중급,을 매달다,명사,
코너,중급,를 돌다,명사,
코미디,중급,코미디 영화,명사,
코스,중급,드라이브 코스,명사,
코트,중급,를 입다,명사,01
코트,중급,농구 코트,명사,03
코피,중급,를 흘리다,명사,01
콘도,중급,에서 묵다,명사,
콜록콜록,중급,콜록콜록 기침을 하다,부사,
콧노래,중급,를 부르다,명사,
콩나물,중급,을 무치다,명사,
쾌적하다,중급,공기가,형용사,
쿠폰,중급,을 모으다,명사,
쿨쿨,중급,쿨쿨 자다,부사,02
쿵,중급,쿵 소리가 나다,부사,02
크림,중급,을 넣다(음식),명사,
큰길,중급,로 다니다,명사,
큰돈,중급,을 모으다,명사,
큰딸,중급,가족,명사,
큰아들,중급,가족,명사,
큰아버지,중급,친척,명사,
큰어머니,중급,친척,명사,
큰일,중급,이 나다,명사,01
큰집,중급,에 가다,명사,
클래식,중급,을 듣다,명사,
클럽,중급,에서 놀다,명사,
키,중급,로 문을 열다,명사,04
키스,중급,를 하다,명사,
타고나다,중급,재능을,동사,
타다,중급,월급을,동사,04
타다,중급,때가 ,동사,07
타오르다,중급,불꽃이,동사,
타인,중급,을 의식하다,명사,01
탁자,중급,에 내려놓다,명사,01
탄생,중급,아이의 탄생,명사,
탈출,중급,비상 탈출,명사,02
탑,중급,을 쌓다,명사,02
탑승,중급,비행기 탑승,명사,
탑승객,중급,비행기 탑승객,명사,
태양,중급,이 뜨다,명사,02
태우다,중급,불에 ,동사,01
태우다,중급,차에,동사,02
택하다,중급,직업으로,동사,
탤런트,중급,로 활동하다,명사,
터널,중급,을 지나다,명사,
터뜨리다,중급,풍선을,동사,
터지다,중급,풍선이,동사,
턱,중급,에 수염이 나다,명사,01
털,중급,이 빠지다,명사,
털다,중급,옷을,동사,
텅,중급,텅 비다,부사,01
테스트,중급,를 받다,명사,
테이프,중급,로 장식하다,명사,
토,중급,토요일,명사,04
토론,중급,찬반 토론,명사,01
토의,중급,토의 주제,명사,02
토하다,중급,음식을,동사,
통,중급,통 말이 없다,부사,07
통,중급,에 담다,명사,10
통계,중급,통계 자료,명사,04
통과,중급,국경 통과,명사,
통신,중급,이 끊기다,명사,01
통역,중급,을 부탁하다,명사,
통일,중급,남북 통일,명사,02
통증,중급,을 느끼다,명사,
통통하다,중급,몸매가,형용사,01
통하다,중급,바람이  ,동사,
통행,중급,을 금지하다,명사,
퇴직,중급,퇴직 연금,명사,
투자,중급,를 유치하다,명사,02
투표,중급,찬반 투표,명사,01
특기,중급,취미와 특기,명사,01
특성,중급,을 살리다,명사,01
특수,중급,특수 부대,명사,02
특정,중급,특정 집단,명사,
특징,중급,이 드러나다,명사,
틀림없다,중급,사실임에,형용사,
틀림없이,중급,틀림없이 되다,부사,
틈,중급,창문 틈,명사/의존명사,01
틈틈이,중급,틈틈이 하다,부사,
파,중급,를 썰다,명사,01
파괴,중급,를 당하다,명사,
파다,중급,땅을,동사,01
파도,중급,가 부서지다,명사,
파랑,중급,색깔,명사,01
파마,중급,를 하다,명사,
파일,중급,을 정리하다,명사,03
파출소,중급,에 신고하다,명사,
파트너,중급,를 구하다,명사,
판단,중급,상황 판단,명사,
판매,중급,판매 가격,명사,
판매자,중급,구매자,명사,
판사,중급,직업,명사,01
팔꿈치,중급,를 펴다,명사,
패션,중급,패션 잡지,명사,01
패스트푸드,중급,를 먹다,명사,
팬,중급,영화 팬,명사,01
팬티,중급,를 입다,명사,
퍼센트,중급,백 퍼센트,의존명사,
퍼지다,중급,점점 퍼지다,동사,
퍽,중급,퍽 어렵다,부사,02
페이지,중급,를 넘기다,명사,
펴내다,중급,책을,동사,
편,중급,저쪽 편,의존명사,04
편견,중급,을 가지다,명사,
편식,중급,이 심하다,명사,
편의,중급,를 봐주다,명사,02
편히,중급,편히 살다,부사,
펼쳐지다,중급,길이,동사,
펼치다,중급,책을,동사,
평,중급,이 좋다,명사,03
평가,중급,를 받다,명사,03
평균,중급,을 구하다,명사,
평등,중급,을 보장하다,명사,
평범하다,중급,외모가,형용사,
평상시,중급,와 같다,명사,
평생,중급,을 보내다,명사,
평화,중급,를 지키다,명사,02
평화롭다,중급,마을이,형용사,
폐지,중급,제도의 폐지,명사,02
포근하다,중급,잠자리가,형용사,
포기,중급,중도 포기,명사,02
포도주,중급,를 마시다,명사,
포장지,중급,로 싸다,명사,
포크,중급,로 찍다,명사,01
포함,중급,세금 포함,명사,02
폭넓다,중급,범위가,형용사,
폭력,중급,을 쓰다,명사,
폭발,중급,감정 폭발,명사,01
폭설,중급,이 내리다,명사,02
폭우,중급,가 내리다,명사,
폭포,중급,를 구경하다,명사,01
표,중급,로 나타내다 ,명사,02
표면,중급,이 거칠다,명사,
표시,중급,가격 표시,명사,02
표정,중급,이 밝다,명사,03
표준,중급,표준 시간,명사,01
표준어,중급,를 사용하다,명사,
표지,중급,를 싸다,명사,01
표지판,중급,을 세우다,명사,
표현,중급,을 쓰다,명사,
푸다,중급,밥을,동사,01
풀,중급,로 붙이다,명사,01
풀,중급,이 자라다,명사,02
풀리다,중급,나사가,동사,
풀어지다,중급,끈이,동사,
품,중급,이 넉넉하다,명사,01
-품,중급,화장품,접사,08
품다,중급,아기를,동사,01
품질,중급,이 뛰어나다,명사,03
풍기다,중급,냄새를,동사,
풍부하다,중급,감정이,형용사,
풍선,중급,을 띄우다,명사,02
풍속,중급,세시 풍속,명사,01
풍습,중급,을 지키다,명사,01
프로,중급,프로 야구,명사,03
프린터,중급,를 연결하다,명사,
플라스틱,중급,플라스틱 용기,명사,
피로,중급,를 느끼다,명사,02
피부,중급,가 부드럽다,명사,02
피부병,중급,을 앓다,명사,
피서,중급,를 즐기다,명사,
피하다,중급,책임을,동사,
피해,중급,를 입다,명사,01
피해자,중급,사고 피해자,명사,
필기,중급,를 g다,명사,
필수,중급,필수 조건,명사,02
필수적,중급,필수적 과정,관형사·명사,
필수품,중급,을 장만하다,명사,
필요성,중급,을 느끼다,명사,
핑계,중급,가 없어지다,명사,
하,중급,상하,명사,04
하긴,중급,하긴 그럴 수 있다,부사,
하나하나,중급,하나하나 세다,명사/부사,
하느님,중급,을 믿다,명사,
하도,중급,하도 기가 막혀서,부사,01
하숙,중급,을 옮기다,명사,
하양,중급,으로 색칠하다,명사,01
하여튼,중급,하여튼 괜찮다,부사,
하차,중급,승차,명사,
하품,중급,이 나오다,명사,01
하하,중급,하하 웃다,부사,01
-학,중급,경제학,접사,07
학과,중급,전공 학과,명사,01
학력,중급,최종 학력,명사,02
학문,중급,에 정진하다,명사,02
학부모,중급,를 모시다,명사,
학비,중급,를 내다,명사,
학습,중급,을 하다,명사,
학용품,중급,을 준비하다,명사,
학자,중급,를 초청하다,명사,01
한,중급,을 품다,명사,05
한,중급,이 없다(욕심),명사,06
한가운데,중급,에 놓다,명사,
한겨울,중급,이 지나가다,명사,
한결,중급,한결 쉽다,부사,
한계,중급,를 넘다,명사,
한국말,중급,로 말하다,명사,
한국어,중급,를 말하다,명사,
한국인,중급,으로 태어나다,명사,
한국적,중급,한국적 교육,관형사·명사,
한꺼번에,중급,한꺼번에 갚다,부사,
한낮,중급,이 되다,명사,
한눈,중급,에 알아보다,명사,01
한동안,중급,한동안 계속되다,명사,
한둘,중급,이 아니다,수사/명사,
한때,중급,를 보내다,명사/부사,
한마디,중급,를 남기다,명사,
한문,중급,을 읽다,명사,03
한밤중,중급,이 지나다,명사,
한순간,중급,에 사라지다,명사,
한숨,중급,을 쉬다,명사,02
한여름,중급,을 지내다,명사,
한자,중급,로 쓰다,명사,02
한쪽,중급,으로 기울어지다,명사,
한참,중급,을 기다리다,명사/부사,
한창,중급,한창 붐비다,명사/부사,01
한층,중급,한층 깊어지다,부사,
한편,중급,을 이루다,명사/부사,
할부,중급,할부 기간,명사,
할인점,중급,을 이용하다,명사,
함부로,중급,함부로 말하다,부사,
합격,중급,면접 합격,명사,
합격자,중급,를 발표하다,명사,
합계,중급,를 내다,명사,01
합리적,중급,합리적 방법,관형사·명사,
합의,중급,를 보다,명사,01
합치다,중급,하나로,동사,
합하다,중급,힘을,동사,
항공료,중급,가 오르다,명사,
항공편,중급,을 알아보다,명사,
항의,중급,항의 전화,명사,01
해,중급,를 끼치다,명사,11
해결,중급,문제 해결,명사,02
해결책,중급,을 마련하다,명사,
해내다,중급,힘든 일을,동사,
해당,중급,해당 부서,명사,05
해돋이,중급,를 감상하다,명사,
해롭다,중급,건강에,형용사,
해물,중급,로 요리를 만들다,명사,
해방,중급,을 맞이하다,명사,05
해변,중급,을 거닐다,명사,
해산물,중급,을 맛보다,명사,
해석,중급,영어 해석,명사,04
해설,중급,정답 해설,명사,03
해소,중급,스트레스 해소,명사,03
해수욕장,중급,을 개장하다,명사,
해안,중급,해안 지방,명사,02
해치다,중급,경관을,동사,
핵심,중급,이 되다,명사,
핸드백,중급,을 메다,명사,
햇볕,중급,을 쬐다,명사,
햇살,중급,이 따뜻하다,명사,
-행,중급,서울행,접사,07
행사,중급,권력 행사,명사,02
행사장,중급,에 다녀오다,명사,
행운,중급,이 오다,명사,02
행위,중급,불법 행위,명사,
행정,중급,행정 기관,명사,01
행하다,중급,의식을,동사,
향,중급,을 피우다,명사,03
향기,중급,를 맡다,명사,01
향상,중급,기술 향상,명사,01
향수,중급,를 뿌리다,명사,03
향하다,중급,눈길이,동사,
허가,중급,를 받다,명사,01
허락,중급,을 받다,명사,
허리띠,중급,를 매다,명사,
허벅지,중급,신체,명사,
허용,중급,입학 허용,명사,
허허,중급,허허 웃다,부사,01
헌,중급,헌 책,관형사,
험하다,중급,길이,형용사,
헤매다,중급,길에서,동사,
헤아리다,중급,숫자를,동사,
헤엄치다,중급,물에서,동사,
현관,중급,에 들어서다,명사,01
현대,중급,현대 문명,명사,01
현대인,중급,으로 살다,명사,
현대적,중급,현대적 감각,관형사·명사,
현상,중급,열대야 현상,명사,04
현실,중급,에 만족하다,명사,02
현실적,중급,현실적 조건,관형사·명사,
현장,중급,에 나가다,명사,03
협력,중급,경제 협력,명사,
협조,중급,를 요청하다,명사,01
-형,중급,기본형,접사,08
형님,중급,형님과 아우,명사,
형성,중급,가치관 형성,명사,01
형식,중급,을 갖추다,명사,01
형태,중급,를 그리다,명사,
형편,중급,을 보다,명사,01
혜택,중급,을 누리다,명사,
호감,중급,을 느끼다,명사,
호기심,중급,이 강하다,명사,
호두,중급,호두 열매,명사,01
호르몬,중급,이 분비되다,명사,
호박,중급,식물,명사,01
호실,중급,2호실,명사,01
호주머니,중급,를 노리다,명사,
호흡,중급,이 멎다,명사,
혹은,중급,사랑 혹은 우정,부사,
혼나다,중급,아파서 혼나다,동사,
혼내다,중급,동생을,동사,
홀수,중급,짝수,명사,
홈페이지,중급,에 접속하다,명사,
홍보,중급,신제품 홍보,명사,01
홍수,중급,가 나다,명사,02
화,중급,화요일,명사,07
-화,중급,간편화,접사,16
화면,중급,작품의 화면,명사,05
화분,중급,에 심다,명사,01
화장,중급,이 진하다,명사,02
화장대,중급,에 앉다,명사,
화장지,중급,로 닦다,명사,01
화재,중급,가 발생하다,명사,01
화제,중급,를 바꾸다,명사,07
화창하다,중급,날씨가,형용사,
화폐,중급,전자 화폐,명사,
화해,중급,를 청하다,명사,02
확,중급,소름이 확 끼치다,부사,02
확대,중급,축소,명사,02
확보,중급,인력 확보,명사,01
확산,중급,을 막다,명사,
확신,중급,이 서다,명사,01
확실하다,중급,증거가,형용사,
확실히,중급,확실히 말하다,부사,
확인,중급,을 받다,명사,02
확장,중급,확장 공사,명사,
환경,중급,자연 환경,명사,01
환불,중급,요금 환불,명사,02
환상,중급,이 깨지다,명사,02
환상적,중급,환상적 소설,관형사·명사,
환승역,중급,에서 갈아타다,명사,
환영회,중급,를 열다,명사,
환율,중급,이 오르다,명사,
환하다,중급,불빛이 ,형용사,01
활기,중급,를 띠다,명사,02
활동,중급,이 어렵다,명사,02
활동적,중급,활동적 스포츠,관형사·명사,
활발하다,중급,교류가,형용사,
활용,중급,공간 활용,명사,
활짝,중급,활짝 열다,부사,
회,중급,를 먹다,명사,13
회담,중급,을 열다,명사,
회복,중급,피로 회복,명사,
회비,중급,를 내다,명사,03
회식,중급,을 하다,명사,
회의실,중급,에 모이다,명사,
회장,중급,을 뽑다,명사,07
회화,중급,영어 회화,명사,03
횟수,중급,를 세다,명사,
효과,중급,가 있다,명사,01
효과적,중급,효과적 사용,관형사·명사,
효도,중급,를 하다,명사,01
효율적,중급,효율적 방법,관형사·명사,
효자,중급,로 알려지다,명사,01
후반,중급,전반,명사,01
후보,중급,대통령 후보,명사,04
후식,중급,을 먹다,명사,
후추,중급,를 뿌리다,명사,01
후회,중급,가 되다,명사,01
후회스럽다,중급,지난날이,형용사,
훈련,중급,을 마치다,명사,
훔치다,중급,물건을,동사,02
휴가철,중급,을 보내다,명사,
휴대,중급,가 간편하다,명사,
휴식,중급,을 취하다,명사,02
휴양지,중급,로 떠나다,명사,
휴학,중급,을 결심하다,명사,
흉내,중급,를 내다,명사,
흐름,중급,강물의 흐름,명사,
흑백,중급,흑백의 대비,명사,
흔들리다,중급,배가,동사,
흔적,중급,을 남기다,명사,
흔하다,중급,이름이,형용사,
흔히,중급,흔히 듣다,부사,
흘러가다,중급,시냇물이,동사,
흘러나오다,중급,연기가,동사,
흘러내리다,중급,빗물이,동사,
흙,중급,을 털다,명사,01
흡수,중급,땀 흡수,명사,02
흥미,중급,가 생기다,명사,
흥미롭다,중급,이야기가,형용사,
흥분,중급,을 가라앉히다,명사,
흩어지다,중급,사방으로,동사,
희다,중급,색깔이,형용사,
희망자,중급,를 모으다,명사,
희생,중급,을 감수하다,명사,
희생자,중급,가 늘다,명사,
힘껏,중급,힘껏 밀다,부사,
힘쓰다,중급,학업에,동사,
힘없이,중급,힘없이 걷다,부사,
힘차다,중급,목소리가,형용사,
